11014,1
17601,3
1,3
2,9
19364,10
19365,10
5,10
6,10
3,10
17612,10
17613,10
7,10
4,10
17611,10
8,11
17621,3092
17622,5382
17623,4281
19366,15
19367,15
19368,15
17631,3714
16093,19
16092,19
17632,23
16533,4396
25334,3583
10,27
12,27
11,27
9,27
25331,29
25330,29
25332,29
10864,3427
10865,34
25838,3474
10866,36
10868,36
10867,36
25832,2314
19371,38
10857,38
19370,38
19369,38
17,38
16,38
16148,38
15,38
10856,38
16091,38
18,38
16215,3475
10869,2315
17552,39
19,39
25336,39
20,39
10870,41
25,43
26,43
27,43
24,43
31,46
10871,47
29,46
30,46
28,46
10872,48
33,48
32,48
35,53
34,53
36,54
37,55
10873,56
38,56
39,57
40,58
10875,59
10874,59
41,61
10876,62
42,63
28198,63
28199,63
28200,63
43,66
16348,67
16349,67
44,69
10213,70
10877,71
10214,72
48,74
47,74
19400,74
45,74
46,74
10858,75
16082,75
49,76
51,77
50,77
17553,5283
10224,79
10878,3429
10879,81
19372,3562
52,83
19401,83
25678,84
10887,84
10885,84
10886,84
25679,84
10889,87
10890,3102
10891,3103
10892,3103
10893,3103
10895,90
10894,90
56,90
19374,91
10225,93
16504,96
57,96
60,96
59,96
58,96
10374,2992
61,97
10896,98
25831,4201
10898,2852
10899,3107
10900,3108
15703,100
16090,100
62,100
64,101
63,101
25837,3478
19470,104
65,104
10376,106
10375,105
28202,106
28201,106
10901,3109
10902,108
10377,110
67,111
16094,111
10904,111
10905,111
15732,111
10903,111
10909,111
66,111
10906,111
10910,3111
10911,3112
10912,115
69,116
10914,3113
10915,3114
70,3114
10916,3115
71,122
28203,122
19402,122
19471,124
73,124
72,124
75,124
76,124
74,124
10917,3116
77,126
10918,3117
10919,127
10378,128
28204,128
25335,130
10379,131
28205,131
15731,3565
78,132
10380,133
25333,135
79,136
10920,3118
80,137
19375,5418
10921,3119
82,142
19403,142
19407,144
19406,144
19405,144
6681,145
10409,2993
19404,146
85,146
7062,146
86,146
87,146
84,146
88,147
10922,149
16350,151
16351,151
16352,151
89,152
90,154
10410,156
10924,157
26403,157
19408,158
25522,159
91,160
94,163
93,163
92,163
96,165
15740,3575
10925,166
28178,167
10926,3120
97,168
7642,169
18940,5404
99,170
7643,170
28206,171
10927,173
25328,174
25329,174
19454,176
19455,176
10928,3121
100,178
10929,3122
101,179
10411,181
102,182
31657,185
104,185
103,185
16353,186
15647,187
106,187
105,187
15644,187
16218,3681
19006,5410
10412,188
7998,191
7999,191
7997,191
8000,191
29557,194
113,194
111,194
112,194
114,194
10244,194
16222,3686
117,197
116,197
118,197
19010,198
119,199
10930,3123
120,203
122,203
123,204
10935,3124
10413,207
124,207
10414,209
126,212
10678,212
127,212
125,212
128,212
10677,212
15705,3548
15704,3548
10415,2954
131,216
133,216
135,216
19612,216
19508,216
138,216
19507,216
137,216
19475,216
19476,2954
19477,2954
19473,2954
19474,2954
139,2954
134,2954
132,216
10416,219
30381,5570
30369,5570
30383,5570
30384,5570
30385,5570
30386,5570
30387,5570
30388,5570
30366,5570
30374,5570
30375,5570
30376,5570
30377,5570
30378,5570
30379,5570
30380,5570
30370,5570
30371,5570
30372,5570
30373,5570
30367,5570
30368,5570
30382,5570
10514,222
10936,3125
140,226
141,226
142,226
144,226
19479,226
19480,226
19481,226
18959,226
19478,226
19482,226
19279,226
145,2328
10937,3126
146,228
25852,2289
10738,230
147,231
148,231
149,231
152,233
28207,233
150,233
151,233
153,235
154,236
10938,3127
10939,3128
16221,238
16220,238
155,238
29947,238
156,3789
157,243
159,243
160,243
10940,3129
28208,245
161,245
28209,245
162,246
16149,248
163,248
15706,3549
25523,249
26190,3130
10942,3131
164,253
165,253
19483,253
25524,254
16101,254
16100,254
16102,254
167,255
10417,256
25525,258
168,259
16368,260
10944,3133
169,262
171,263
170,263
10945,3134
172,268
173,269
174,269
175,269
176,269
177,269
178,269
179,269
28436,273
19280,274
25344,278
183,281
6799,282
10515,283
184,285
15707,288
10946,3135
28210,291
185,291
19484,291
186,293
187,294
28211,294
189,294
188,294
10947,297
25878,297
16217,297
10948,298
190,295
6951,2440
6952,2440
15708,300
15709,300
15711,300
15710,300
191,301
25526,301
192,304
194,304
25527,304
193,304
25528,304
28212,305
195,307
10949,3136
25835,3136
197,309
196,308
198,312
199,315
200,315
201,315
203,315
204,315
205,315
10529,315
10530,315
202,315
10533,315
10534,315
10535,315
10536,315
10537,315
10538,315
10539,315
10531,315
10525,315
10526,315
10527,315
10521,315
10522,315
10523,315
10524,315
10519,315
10520,315
10517,315
10528,315
10532,315
25450,315
10518,315
10516,315
10540,316
11184,318
208,320
19485,320
209,320
207,319
19486,321
211,321
28213,321
210,321
218,322
219,322
220,322
223,322
224,322
227,322
228,322
230,322
221,322
16491,322
16492,322
16493,322
16494,322
217,322
214,322
213,322
212,322
225,322
25392,323
231,325
28215,5501
28214,5501
19456,330
19457,330
19458,331
10950,3137
10951,3137
10954,3137
10953,3137
10952,3137
28437,336
234,337
236,337
10679,337
27864,337
27863,337
10680,337
238,337
237,337
233,337
27862,337
239,340
10955,339
10418,342
10956,3138
241,345
7733,345
242,345
244,346
243,346
246,346
245,346
10957,3139
30641,3139
10958,3140
28216,351
28217,352
25876,3141
25874,3141
25875,3141
10959,3141
25873,3141
28218,355
10965,3142
28219,356
28220,356
28221,357
10148,361
10150,361
10149,361
10147,361
10146,361
7064,361
7063,361
247,362
248,2690
25529,365
25531,365
25530,365
25532,365
10967,3144
19491,367
252,367
253,367
258,367
273,367
249,367
267,367
278,367
259,367
19493,367
255,367
256,367
261,367
262,367
263,367
266,367
268,367
269,367
270,367
274,367
275,367
276,367
277,367
282,367
16463,367
19492,367
16462,367
16464,367
16465,367
16466,367
16470,367
16467,367
16468,367
16469,367
260,367
19488,367
280,367
264,367
19489,367
271,367
19490,367
250,367
251,367
10426,370
283,368
10423,368
10747,373
29927,375
10987,3149
19597,377
19605,377
19607,377
28270,377
28271,377
28272,377
28278,377
28279,377
28280,377
28225,377
28226,377
28222,377
28224,377
294,377
297,377
19611,377
298,377
301,377
284,377
285,377
286,377
290,377
292,377
293,377
300,377
287,377
19599,377
295,377
19596,377
10424,2952
10425,2952
28227,379
28228,379
302,379
303,379
25290,380
304,380
25291,381
15741,3576
305,383
25292,383
10427,384
10988,3150
17514,3351
28229,386
25393,387
28230,5502
28231,388
10989,3152
29751,3581
10429,390
17515,392
306,394
10990,3153
10682,397
309,399
10991,3154
308,398
6682,398
10997,3157
10998,3158
310,400
311,400
312,400
10664,400
10665,400
10666,400
10667,400
10544,400
10668,400
10999,3159
11001,3159
11000,3159
28232,401
313,404
11002,405
314,406
10445,403
28233,403
25345,407
315,2691
7932,412
7931,412
11008,412
29752,412
316,412
317,412
318,412
319,416
11003,3160
326,419
321,419
19548,419
324,419
28438,419
323,419
11004,3161
11005,3163
11009,3164
29956,422
27865,424
27866,424
327,424
329,424
330,424
11700,424
11701,424
11698,424
11697,424
10684,424
10683,424
11699,424
28234,427
331,427
25387,428
332,429
25394,431
11010,3165
333,433
10446,439
341,440
19499,440
10803,440
342,440
340,440
339,440
337,440
28235,441
28236,441
334,443
336,443
335,443
11011,3166
11012,446
25681,447
25294,449
25293,449
25295,449
353,452
16122,453
25399,2853
8039,2441
9245,456
9244,456
31962,456
30553,456
30512,456
30513,456
30514,456
30515,456
10206,456
30548,456
30549,456
30550,456
30504,456
30506,456
30509,456
30510,456
31960,456
31961,456
9944,456
15648,456
381,456
9231,456
9232,456
9233,456
9234,456
9235,456
9236,456
9237,456
30551,456
9223,456
372,456
30482,456
30483,456
9222,456
9224,456
9225,456
9226,456
9227,456
9228,456
9229,456
9230,456
9246,456
30502,456
30499,456
30500,456
31684,456
380,456
349,456
30546,456
30547,456
375,456
30501,456
30503,456
30505,456
30507,456
30508,456
30516,456
374,456
371,456
30511,456
9239,456
9240,456
9241,456
6954,456
355,456
357,456
358,456
359,456
360,456
364,456
365,456
366,456
367,456
368,456
370,456
379,456
354,456
344,456
350,456
31645,456
9945,456
30486,456
369,456
382,457
7066,459
6955,459
383,460
11013,3167
9112,462
9113,462
9114,462
15649,463
11183,465
384,466
15650,467
11095,3188
9115,468
385,468
9117,468
9118,468
15652,468
15654,468
15655,468
15656,468
15657,468
15658,468
15653,468
15659,468
15660,468
15661,468
15662,468
391,468
386,468
387,468
388,468
389,468
390,468
9116,468
17512,471
392,471
17511,471
393,473
394,474
399,475
398,475
397,475
396,475
400,476
401,477
403,479
9120,479
404,480
405,484
406,485
27867,5489
410,487
412,487
411,487
11096,2320
408,489
415,490
416,492
417,492
418,493
15663,493
419,494
10091,2932
10695,496
421,497
9121,499
9126,501
424,501
425,501
426,501
25396,502
6946,500
432,503
434,503
29136,503
29137,503
29138,503
29139,503
29140,503
29141,503
29142,503
29143,503
29144,503
29145,503
29146,503
29147,503
29148,503
29149,503
29150,503
433,503
19500,503
19501,503
19502,503
19503,503
19504,503
19505,503
19506,503
427,503
428,503
430,503
435,503
436,503
437,503
438,503
439,503
440,503
25316,504
9129,2767
9127,2767
9128,2767
28179,507
11097,3189
11098,3190
11099,3190
441,510
7760,2768
9130,2768
6685,2389
25296,513
11101,3191
19494,515
19495,515
444,515
446,517
445,517
10447,520
29757,524
449,524
29756,524
29755,524
448,524
447,524
450,525
451,526
452,528
453,529
32410,5640
454,530
456,533
25827,533
458,534
457,534
28237,534
16227,2769
11102,2769
16225,2769
16224,2769
16223,2769
16249,3208
16250,3208
16251,3208
16252,3208
16229,2769
16228,2769
16230,2769
16231,2769
16232,2769
16226,2769
16234,3209
16242,3209
16241,3209
16240,3209
16236,3209
16237,3209
16235,3209
16239,3209
16238,3209
16233,3209
11123,3689
16243,3210
16244,3690
11124,3211
11125,3212
16246,3213
11126,3213
16247,3213
16248,3213
16219,539
19014,3685
19015,3685
10671,544
459,544
28180,544
10670,544
460,545
6770,545
6771,545
461,547
463,549
464,549
465,549
466,549
468,551
7938,551
7937,551
19459,553
9805,554
10860,3075
10859,3075
26094,556
29151,557
469,557
471,557
470,557
472,558
10861,559
10794,562
501,568
10433,568
500,568
499,568
498,568
495,568
494,568
493,568
491,568
490,568
10430,568
10431,568
10432,568
492,568
483,568
496,568
482,568
479,568
478,568
25828,567
477,568
480,568
481,568
484,568
485,568
486,568
487,568
488,568
489,568
503,569
10435,569
10436,569
19551,569
19550,569
10434,569
15742,3577
28238,571
473,560
19544,572
504,572
19547,572
19546,572
19545,572
507,573
506,573
28239,573
19556,573
19555,573
19554,573
19553,573
19552,573
31088,5585
9806,575
7645,575
6812,576
10824,576
510,579
25230,578
513,583
28439,583
11132,3214
11133,3214
11134,3214
514,585
515,585
516,2376
25297,586
11135,3215
518,588
31045,4278
520,591
15614,593
10448,593
11136,3216
32181,5610
11137,3217
521,2467
11138,3218
522,596
11139,3219
523,599
28240,600
11140,3220
16106,602
10092,2933
16150,3642
16151,3642
10449,603
524,604
6956,2442
25458,2442
25456,2442
25457,2442
6957,2443
6958,2444
6959,2445
528,607
15664,3538
526,608
532,609
530,609
531,609
529,609
527,605
11141,3221
11142,3221
11143,3221
28065,610
17513,611
534,613
535,613
536,613
533,613
10943,3132
537,615
17516,616
28241,618
6960,2446
11144,3222
11145,619
538,619
11146,620
11147,3223
11148,3224
11149,3224
11150,3224
539,621
540,622
11151,3225
11186,3268
543,626
10798,626
542,626
7365,626
544,626
541,626
545,626
547,626
546,626
548,626
549,629
15665,630
9238,623
550,631
11187,3269
551,633
11188,3270
25337,635
556,635
11189,3271
557,635
10825,635
554,635
555,635
15727,3561
15726,3561
558,637
10207,2974
16375,4315
6965,2447
8058,2447
559,640
11193,3274
11195,3274
11194,3274
10660,641
10662,641
10669,641
560,641
10663,641
10661,641
11196,3275
11197,3275
8059,2448
11238,642
11239,642
17517,643
11240,3288
11241,3288
562,644
6687,646
25388,647
565,648
11242,653
567,651
563,654
10093,2934
568,655
25400,5445
11243,3289
10211,657
28735,4602
571,660
572,658
10104,663
10105,663
28172,664
28169,664
10450,667
19472,667
11244,3290
25389,668
11245,672
25386,675
25397,676
11246,3291
11247,3292
573,677
574,677
11257,3294
11258,678
575,678
578,680
15743,3578
29159,681
6815,681
17521,681
6813,681
6814,681
28448,682
28449,682
28450,682
28451,682
28452,682
28453,682
28454,682
19557,682
19558,682
19559,682
19560,682
19561,682
580,682
585,682
581,682
582,682
583,682
28447,682
28446,682
28445,682
28444,682
28443,682
28442,682
28441,682
584,682
28455,682
28440,682
586,684
587,685
599,689
28069,689
7372,689
603,689
602,689
601,689
598,689
597,689
594,689
7369,689
7368,689
7366,689
7367,689
7374,689
7376,689
590,689
28736,689
7373,689
7371,689
588,689
589,689
591,689
11259,690
19460,691
607,691
609,691
608,691
28243,692
28242,692
17522,695
11260,3295
11261,3295
11262,3295
27868,697
610,697
28244,700
17523,701
612,704
28181,5494
6948,706
17421,706
25338,706
28182,5495
29945,707
10090,707
25454,707
7379,708
7378,708
27875,708
615,708
7910,708
7380,708
27876,708
27880,708
622,708
624,708
625,708
618,708
613,708
619,708
616,708
32400,708
617,708
27869,710
11263,3296
626,2329
10459,713
28712,5520
17524,715
628,716
27870,722
25339,718
11017,719
28713,5521
28714,5522
28715,5522
6966,2355
627,714
7383,723
7384,723
630,723
631,723
632,723
633,723
629,723
634,724
639,725
637,725
636,725
638,725
27871,721
650,726
642,726
654,726
651,726
648,726
643,726
6818,727
6817,727
6816,727
6820,728
656,728
6819,728
17525,729
657,730
6688,731
659,732
19563,732
665,732
663,732
661,732
664,732
662,732
660,732
28737,733
11264,735
11265,735
666,734
11271,736
11368,738
16570,741
668,742
11369,3311
6823,743
6821,743
6822,743
669,744
11370,745
28245,746
667,740
25298,749
25299,749
15615,750
10460,750
11371,3312
11372,3313
11373,3314
11374,3314
11377,3324
11378,3324
16196,751
11442,3353
19542,754
19540,754
19541,754
19543,754
27872,756
6824,757
671,759
672,759
15629,2793
15628,2793
9649,2793
15630,2793
10723,760
673,760
10722,760
27858,5486
27859,5486
27851,5485
27857,5486
27856,5486
9303,763
9015,763
10050,763
675,763
10086,763
676,763
25455,763
16580,767
677,767
16579,767
16578,767
10658,772
10659,772
679,772
11444,3354
11562,3357
680,775
11649,778
682,780
684,781
685,781
686,783
687,783
11650,3372
689,784
690,785
25365,5454
11651,786
692,788
25398,790
25367,794
25366,794
6949,794
25370,796
29166,799
29167,799
29160,799
29161,799
29162,799
29165,799
29164,799
29172,799
29171,799
29163,799
29168,799
693,798
29170,799
29169,799
695,799
694,799
699,799
698,799
10827,799
10826,799
10830,799
10828,799
10829,799
16146,802
700,803
25318,804
25319,804
25320,804
25321,804
25324,804
25323,804
25322,804
6690,807
6691,807
7781,807
702,807
706,808
25683,5475
7080,810
707,810
11652,3376
31958,811
16569,811
701,805
25431,815
710,818
709,818
712,819
713,823
17401,825
715,826
25432,827
716,828
717,829
720,2667
28246,835
28247,835
28248,835
28249,835
28250,835
28251,835
28252,835
28253,835
28254,835
28255,835
28256,835
28257,835
28258,835
28259,835
28260,835
28261,835
28262,835
28263,835
28264,835
28265,835
28266,835
763,835
764,835
767,835
731,835
733,835
734,835
736,835
737,835
739,835
742,835
16387,835
16388,835
16389,835
16390,835
16391,835
16392,835
16378,835
16379,835
16380,835
16381,835
16382,835
16383,835
16384,835
16385,835
16386,835
16393,835
744,835
769,835
770,835
740,835
7956,835
743,835
749,835
755,835
723,835
724,835
725,835
727,835
729,835
745,835
746,835
747,835
750,835
752,835
753,835
754,835
756,835
758,835
760,835
761,835
762,835
19595,837
19600,837
19616,837
19604,837
19614,837
19608,837
19609,837
19610,837
19615,837
19562,837
19567,837
19568,837
19594,837
19598,837
19601,837
19602,837
782,837
19519,837
28281,837
28282,837
28284,837
28286,837
28287,837
28288,837
28289,837
19613,837
28283,837
776,837
19509,837
19510,837
19511,837
19513,837
19514,837
19515,837
19573,837
19516,837
19517,837
19518,837
19527,837
19528,837
19529,837
19530,837
19531,837
19532,837
19533,837
28267,837
28268,837
19525,837
19526,837
19520,837
19521,837
19522,837
19523,837
19524,837
19570,837
19571,837
19572,837
19569,837
772,837
771,837
28290,837
28291,837
28292,837
28293,837
28285,837
19606,837
28294,837
768,837
773,837
774,837
775,837
777,837
778,837
779,837
780,837
781,837
785,837
786,837
28295,837
19603,837
25877,3377
11653,3377
788,839
27854,839
27853,839
27852,839
790,839
27855,839
28716,5523
28671,5507
791,843
792,844
17531,845
11654,3378
793,846
794,848
796,849
802,850
797,850
799,850
801,850
800,850
798,850
28269,851
10468,851
15733,3567
806,856
25449,859
808,859
10844,858
807,858
17532,861
809,862
6693,2377
6695,2377
6694,2377
28184,2377
6696,2377
11655,3438
16078,3438
11656,3380
11659,3380
11657,3380
11658,3380
839,864
19539,864
833,864
19538,864
19537,864
19536,864
838,864
836,864
821,864
834,864
826,864
829,864
19656,864
814,864
831,864
817,864
28273,864
19535,864
835,864
841,864
811,864
812,864
813,864
815,864
816,864
818,864
819,864
820,864
822,864
824,864
825,864
832,864
837,864
28296,5503
16120,866
843,867
804,869
29746,869
805,869
803,869
11019,869
29173,870
844,870
845,870
16081,3439
846,871
11672,868
847,872
25325,872
25326,873
17361,4982
10799,875
15669,3540
15670,3540
19461,876
848,879
10786,879
29174,879
10790,879
10789,879
10788,879
10787,879
10785,879
29175,879
25434,880
25433,880
25435,880
849,880
25436,881
25439,882
25438,882
25437,882
850,882
25440,882
11673,3381
851,884
852,886
25315,887
854,887
855,888
11674,891
857,892
17371,5002
858,894
25314,895
25313,896
28185,898
862,897
861,897
860,897
859,897
10685,900
29176,901
25312,902
863,903
28066,903
864,903
865,903
869,904
25447,904
25448,905
25442,904
25443,904
25444,904
18963,904
18964,904
870,904
874,904
873,904
871,904
868,904
872,904
867,904
866,904
25446,904
25445,904
875,907
876,907
25441,907
877,907
25280,906
879,909
880,910
881,2687
15718,912
15719,912
17530,913
882,914
884,915
28274,915
883,915
28275,915
885,918
887,918
11678,918
11677,918
11676,918
11675,918
888,919
25231,3443
889,921
890,922
15725,3560
17533,927
891,928
892,929
28456,930
893,934
894,934
9650,2794
10686,935
19462,936
28072,5539
9807,938
896,939
897,940
29957,942
31955,943
17504,943
898,943
17491,943
28073,944
899,945
900,948
902,951
904,952
9808,957
905,958
920,960
914,965
910,965
913,965
19385,965
909,965
911,965
916,965
19376,965
917,965
19377,965
19378,965
907,965
19379,965
19380,965
19381,965
19382,965
19383,965
19384,965
918,965
919,965
906,965
908,965
912,965
915,965
6698,962
6697,962
926,966
929,966
930,966
933,966
934,966
935,966
936,966
937,966
948,966
949,966
947,966
953,966
950,966
941,966
932,966
938,966
7782,966
7788,966
28050,966
28034,966
28033,966
28041,966
28043,966
28042,966
29113,966
28031,966
28032,966
28035,966
28038,966
28040,966
28044,966
28045,966
28046,966
28047,966
28048,966
28039,966
28036,966
28019,966
28020,966
28021,966
28023,966
28024,966
28026,966
28028,966
28029,966
924,966
923,966
928,966
925,966
7784,966
7785,966
7787,966
28030,966
7783,966
939,966
940,966
942,966
943,966
945,966
946,966
921,966
956,967
31964,967
29152,967
29153,967
31965,967
31971,967
31972,967
31967,967
31968,967
31969,967
31970,967
31966,967
32217,969
958,969
957,969
959,969
7823,969
7824,969
977,971
978,971
980,971
981,971
983,971
984,971
987,971
988,971
982,971
968,971
969,971
965,971
971,971
25219,971
967,971
985,971
28067,971
28068,971
975,971
973,971
972,971
970,971
961,971
960,971
7911,971
962,971
974,971
979,971
990,975
991,976
992,978
19009,981
6699,982
997,983
998,983
1003,983
1004,983
1005,983
1007,983
27643,983
1009,983
1010,983
1011,983
1012,983
1014,983
1015,983
1016,983
1017,983
1020,983
1021,983
1022,983
16415,983
1033,983
1041,983
1039,983
17351,983
28113,983
28114,983
28115,983
7644,983
1056,983
1059,983
1068,983
1087,983
7959,5484
1057,983
1060,983
1062,983
1063,983
1066,983
1023,983
1025,983
1026,983
1028,983
1029,983
1030,983
1032,983
1034,983
1035,983
1040,983
1042,983
1043,983
1044,983
1046,983
1047,983
1048,983
1049,983
1051,983
1052,983
1053,983
1054,983
1067,983
1069,983
1070,983
1071,983
1074,983
1075,983
1077,983
1078,983
1079,983
1082,983
1084,983
1088,983
1089,983
1090,983
1091,983
1092,983
6701,982
1000,983
1031,983
28111,983
28112,983
16416,983
1001,983
27543,982
996,983
1002,983
1006,983
1013,983
1019,983
1024,983
1086,983
31949,983
15714,983
15715,983
17352,983
17353,983
17354,983
28101,983
28102,983
28103,983
28104,983
28105,983
28106,983
28107,983
28108,983
28109,983
28110,983
16418,983
16419,983
16420,983
15712,983
15713,983
16404,983
16405,983
16406,983
16407,983
16408,983
16417,983
16409,983
16410,983
16411,983
16412,983
16413,983
16414,983
1096,988
16197,989
1098,990
10687,991
10804,992
28673,5508
28672,5508
28674,5508
28676,5508
28675,5508
1101,993
1100,993
1099,993
1102,993
10805,995
19003,996
1103,997
1104,998
28679,5509
28677,5509
28678,5509
28116,999
1105,1000
19004,3040
1111,1003
1112,1003
1106,1003
1114,1003
1110,1003
1109,1003
1108,1003
1107,1003
1116,1004
25390,1006
19005,5408
10760,1010
10758,1010
10759,1010
1122,1012
28680,5510
1123,2330
16116,1013
25865,3455
25879,3420
28117,1016
19013,5411
9784,1019
1128,1022
1127,1022
10977,1022
10978,1022
10979,1022
28118,1023
16198,1023
25391,1020
6967,2357
28119,1024
28120,1024
16200,1025
16201,1025
25311,1027
25232,5414
16199,1031
28121,1034
1130,1035
1131,1036
17201,1037
28468,1038
28467,1038
28463,1038
28464,1038
28465,1038
28466,1038
1132,1038
28458,1038
28459,1038
28460,1038
28462,1038
28461,1038
1133,1039
1140,1040
1139,1040
1138,1040
1137,1040
1136,1040
1135,1040
1134,1040
7933,1040
1142,1043
27873,1043
6969,1044
6968,1044
6702,2378
6703,2378
16202,1053
1146,1055
1144,1049
1147,1057
1148,1057
7646,2607
19497,5284
10784,1061
1153,1062
25354,1062
1154,1062
25346,1063
7960,2414
1150,1059
1151,1059
16216,1064
29156,5536
1156,1068
1157,1068
1158,1069
1159,1069
1160,1072
1177,1075
1179,1075
1180,1075
1196,1075
1198,1075
1200,1075
1202,1075
1203,1075
1248,1075
1249,1075
1250,1075
1221,1075
1222,1075
1224,1075
1225,1075
1226,1075
1227,1075
1230,1075
1233,1075
1234,1075
1238,1075
1239,1075
1241,1075
1242,1075
1244,1075
1246,1075
1247,1075
1215,1075
1217,1075
1218,1075
1219,1075
1205,1075
1206,1075
1207,1075
1209,1075
1210,1075
1211,1075
1212,1075
1213,1075
1214,1075
1251,1075
1252,1075
1253,1075
1254,1075
1255,1075
1256,1075
1257,1075
1258,1075
1259,1075
1260,1075
1261,1075
1262,1075
1263,1075
1264,1075
1266,1075
28122,1075
28123,1075
28124,1075
17441,1075
1236,1075
1186,1075
1178,1075
1228,1075
1245,1075
1265,1075
1231,1075
16421,1075
16422,1075
16423,1075
16401,1075
16402,1075
15716,1075
16403,1075
16425,1075
16426,1075
16427,1075
16428,1075
16429,1075
16430,1075
16431,1075
16432,1075
16424,1075
1199,1075
1201,1075
1208,1075
1168,1075
1169,1075
1170,1075
1171,1075
1172,1075
1173,1075
1174,1075
1175,1075
1176,1075
1181,1075
1182,1075
1183,1075
1187,1075
1188,1075
1189,1075
1190,1075
1191,1075
1192,1075
1193,1075
1195,1075
7640,1079
7639,1077
7641,1080
10778,1081
28125,1082
19011,1083
19012,1083
28170,5493
28171,5493
1267,1086
1268,1087
1270,1087
1271,1087
1269,1087
1278,1089
1273,1089
1274,1089
1275,1089
1276,1089
28127,1090
28126,1090
1279,1091
28130,1092
28132,1092
28131,1092
28129,1092
28128,1092
28133,1094
28134,1094
1280,1095
28135,3585
15747,1096
1281,1097
26452,1099
10779,1100
25834,2322
1282,1105
1283,1109
28136,1110
28137,1110
1290,1112
1291,1112
1286,1112
1292,1112
1288,1112
1284,1112
1285,1112
1287,1112
1289,1112
28138,1113
28717,5526
16152,3644
28139,1114
1293,1115
6970,2450
1294,1117
30270,1117
28140,1118
28141,1118
28681,5511
1295,1119
7936,1119
1297,1120
1298,1120
28719,5527
28718,5527
11455,1122
10780,1123
1299,1124
28297,1125
28298,1125
10781,1126
1301,1128
1303,1128
6825,1128
6826,1128
1302,1128
6828,1128
6829,1128
6830,1128
6831,1128
1300,1128
6827,1128
6832,1130
10800,1131
28720,5528
7840,1132
7841,1132
1304,1132
10782,1134
25289,1135
28186,1136
1305,1137
25340,1138
29511,1142
29512,1142
1362,1142
1308,1142
1309,1142
1312,1142
1313,1142
1314,1142
1315,1142
1316,1142
1317,1142
1318,1142
1319,1142
1321,1142
1322,1142
1326,1142
1327,1142
1328,1142
1329,1142
1332,1142
1333,1142
1334,1142
1335,1142
1336,1142
1338,1142
1339,1142
1346,1142
1347,1142
1348,1142
1349,1142
1343,1142
1345,1142
1366,1142
29514,1142
31610,1142
29953,1142
1360,1142
29951,1142
1320,1142
1341,1142
29513,1142
1340,1142
29952,1142
1342,1142
8008,1142
8009,1142
8010,1142
8011,1142
8012,1142
8013,1142
8014,1142
8015,1142
1363,1142
1373,1142
1344,1142
1375,1142
1331,1142
1370,1142
1330,1142
1323,1142
1365,1142
1377,1142
1324,1142
15666,1142
15667,1142
15668,1142
17502,1142
1364,1142
1367,1142
1368,1142
1369,1142
1371,1142
1372,1142
1374,1142
1378,1142
1350,1142
1351,1142
1352,1142
1353,1142
1354,1142
1355,1142
1356,1142
1357,1142
1358,1142
1359,1142
1361,1142
7934,1143
1380,1143
1379,1143
17526,1144
1381,1146
1382,1147
11467,3355
16153,3645
6971,2359
6972,2359
8060,2359
8071,2359
6973,2359
8064,2359
8063,2359
8062,2359
8061,2359
6974,2451
19008,1148
28175,1148
28174,1148
1383,1149
28276,1150
28277,1150
8068,2707
8069,2707
8067,2707
1385,1153
25288,1153
17534,1154
25286,1155
25287,1155
10783,1156
7961,1158
1388,1159
1389,1159
17535,1160
25276,1162
1390,1164
8070,2360
6976,2360
6975,2360
25401,1166
1391,1167
1392,1168
25341,1163
1394,1169
1398,1170
1395,1170
1396,1170
1397,1170
1399,1172
1400,1172
27841,1175
1403,1175
1401,1175
15613,1175
1406,1175
1402,1175
1405,1175
29748,1175
1407,1175
1404,1175
29747,1175
15612,1175
25342,1176
27844,1698
15734,3568
32206,5612
32205,5612
32204,5612
15618,1178
16563,1180
16568,1181
16567,1181
16565,1181
1409,1181
1408,1181
16566,1181
16564,1181
15616,1184
15617,3465
15730,3564
15729,3564
16080,3466
25343,1185
25282,1186
25285,1187
25284,1187
25283,1187
1410,1188
28187,1189
28722,5529
17536,1190
1413,1192
1412,1192
1411,1192
32213,5615
1414,1195
10777,1196
10776,1196
6962,1196
6964,1196
6963,1196
6961,1196
16561,1197
16562,1197
16559,1197
16560,1197
16558,1197
32162,5608
32163,5608
25355,1198
25278,1199
28469,1200
10475,1200
1416,1202
1419,1202
11375,2973
1422,1203
1421,1203
1423,1203
10476,1204
16355,4314
25356,1206
25357,1207
28299,1208
28300,1208
1428,1208
1426,1208
1424,1208
1440,1208
1439,1208
1438,1208
1437,1208
28301,1208
28302,1208
28303,1208
1427,1208
1429,1208
1425,1208
1441,1208
1431,1208
1433,1208
1434,1208
1435,1208
1443,1212
1442,1212
32265,5633
32266,5633
1444,1213
1446,1215
10676,3036
11732,3407
1447,1218
10983,1219
10980,1219
10981,1219
10982,1219
1448,1219
31981,1219
7962,1221
28304,1224
32241,5628
32242,5628
32243,5628
32240,5628
32239,5628
32238,5628
32237,5628
32236,5628
32235,5628
32234,5628
32233,5628
32232,5628
32231,5628
32258,5628
32257,5628
32256,5628
32255,5628
15643,3536
1452,1228
28682,5512
6977,2452
1453,1229
6978,2453
28308,1231
28306,1231
28307,1231
28305,1231
28309,1231
28310,1231
32225,5622
1471,1234
7917,1234
32228,1234
1486,1234
9925,1234
16890,1234
28317,1234
28319,1234
1454,1234
1477,1234
1493,1234
1479,1234
1487,1234
1458,1234
1464,1234
28332,1234
1476,1234
1485,1234
28311,1234
28312,1234
28313,1234
28314,1234
28315,1234
28316,1234
28318,1234
28320,1234
28321,1234
28322,1234
28324,1234
28325,1234
28327,1234
28329,1234
28331,1234
28323,1234
28330,1234
28328,1234
28326,1234
28334,1234
19564,1234
19565,1234
19566,1234
1482,1234
1480,1234
1483,1234
1484,1234
1488,1234
1490,1234
1492,1234
1495,1234
1496,1234
1497,1234
1498,1234
1500,1234
1473,1234
1491,1234
1455,1234
1456,1234
1457,1234
1459,1234
1460,1234
1461,1234
1472,1234
1474,1234
1475,1234
1462,1234
1463,1234
1465,1234
1466,1234
1467,1234
1468,1234
1469,1234
1470,1234
6950,1235
1501,1236
1504,1237
1503,1237
25277,1238
32244,5629
7647,1239
32226,5624
17501,5262
1527,1241
1531,1241
1538,1241
1536,1241
1537,1241
1535,1241
1534,1241
1533,1241
1532,1241
1530,1241
1529,1241
1528,1241
1519,1241
1520,1241
1521,1241
1522,1241
1523,1241
16507,1241
16508,1241
1525,1241
1505,1241
1506,1241
1507,1241
1508,1241
1509,1241
1510,1241
1511,1241
1513,1241
1514,1241
1515,1241
1516,1241
1517,1241
1526,1241
1512,1241
1524,1241
1518,1241
1539,1241
25402,5455
25406,1244
10027,1244
25404,1244
25403,1244
1542,1244
25405,1244
10029,1244
25407,1244
10028,1244
10030,1244
1540,1243
1541,1244
1543,1244
1544,1244
25408,5456
25409,5456
1545,1248
28337,1249
1546,1249
28142,1250
25667,1251
17271,1255
16840,1255
16841,1255
16842,1255
16900,1255
16910,1255
16902,1255
16901,1255
17272,1255
1548,1254
1549,1254
17291,4862
1550,1256
16317,1257
7648,1258
27881,1258
1551,1258
1552,1258
1556,1260
7654,1260
1555,1260
7655,1260
7935,1260
7653,1260
1557,1260
7650,1260
7651,1260
7652,1260
1554,1260
1553,1260
1573,1266
1572,1266
1571,1266
1567,1266
1566,1266
1570,1266
1563,1266
1560,1266
1565,1266
1564,1266
19574,5421
29935,5562
29936,5562
28338,1269
1574,1268
9465,1270
25451,5459
9844,2812
25430,1272
1576,1274
17503,1275
10791,1275
29749,1275
29750,1275
9356,1276
6705,1276
6704,1276
9357,1276
1577,1277
1578,1279
1579,1279
29154,1279
1580,1279
1590,1280
16920,1280
16921,1280
1589,1280
7924,1282
7923,1282
1595,1281
1588,1280
7925,1283
1583,1280
1594,1281
1582,1280
1584,1280
1585,1280
1591,1280
1593,1281
25410,1284
17431,5162
1597,1286
1598,1287
8036,1287
8037,1287
8038,1287
9963,2881
9966,2873
9965,2873
9964,2873
6707,1288
6801,2433
6800,2433
7848,2433
6802,2433
1600,1289
17391,5082
25381,1290
6708,1291
1601,2772
16104,1294
16105,1294
7656,1297
29155,1298
1602,1299
1604,1301
1605,1302
1606,1304
1607,1305
7918,1306
1608,1306
1609,1306
1610,1307
28176,1308
25826,1309
1615,1310
1611,1310
1614,1310
1613,1310
1612,1310
1616,1312
6833,1315
17537,1318
30633,5573
15675,3542
15674,3542
15673,3542
15672,3542
31408,5587
28188,5496
17263,4844
1617,1322
11648,1323
7939,1323
1619,1323
1618,1323
1620,1324
25853,2296
17261,4842
17262,4843
10960,1328
16096,3604
11733,3412
1627,1331
1626,1331
7399,1331
1623,1331
1628,1331
1629,1331
1630,1331
1631,1331
1632,1331
1633,1331
1622,1331
7414,1331
7415,1331
7416,1331
7418,1331
7419,1331
7420,1331
7422,1331
7423,1331
7424,1331
7412,1331
25517,1331
7411,1331
7403,1331
7404,1331
11167,1331
11166,1331
7397,1331
7400,1331
7402,1331
7409,1331
7407,1331
7408,1331
7406,1331
1624,1331
7388,1331
7405,1331
7392,1331
7391,1331
7394,1331
7393,1331
7390,1331
7389,1331
7396,1331
7395,1331
7401,1331
7413,1331
7410,1331
7417,1331
7421,1331
7398,1331
17281,1331
1625,1331
8298,1331
9764,2627
7849,2627
7850,2627
7851,2627
7852,2627
7853,2627
1621,1331
28723,1332
6716,2379
1634,1333
1635,1333
28051,1333
1638,1334
1636,1334
25513,5465
29946,1336
1641,1337
28146,1339
28147,1339
28148,1339
28149,1339
1643,1339
1645,1339
1647,1339
1650,1339
1651,1339
1654,1339
1655,1339
1659,1339
1661,1339
1662,1339
1665,1339
1666,1339
1668,1339
1670,1339
1672,1339
1644,1339
1646,1339
1642,1339
1653,1339
1663,1339
1656,1339
1652,1339
1648,1339
1649,1339
1657,1339
1660,1339
7657,1339
1667,1339
1669,1339
28144,1339
28145,1339
1679,1340
1678,1340
1674,1340
1677,1340
1675,1340
1673,1340
1676,1340
1681,1344
1682,1344
1683,1345
15724,3559
16205,1346
1684,1349
17331,1349
6838,1349
29517,1349
29518,1349
29519,1349
29520,1349
29516,1349
17222,1349
29515,1349
6837,1349
6836,1349
6835,1349
6834,1349
1685,1349
17221,1349
1686,1350
1687,1350
1696,1350
1695,1350
1693,1350
1692,1350
1691,1350
1690,1350
1689,1350
1688,1350
1697,1351
28189,1353
1698,1353
1699,1353
16206,1356
16207,1357
16208,1358
16209,1359
16210,1360
1700,1362
9927,1363
9926,1363
26405,3415
26404,3415
25362,1364
6839,1367
1701,1368
29521,1369
15633,3531
15634,3531
15632,3531
28070,1371
1702,1371
16265,1373
16267,1373
16268,1373
16269,1373
16271,1373
16298,1373
16299,1373
16274,1373
16276,1373
16277,1373
16278,1373
16279,1373
16280,1373
16282,1373
16283,1373
16286,1373
16287,1373
16288,1373
16289,1373
16291,1373
16292,1373
16294,1373
16295,1373
16296,1373
16297,1373
16083,1373
16275,1373
16284,1373
16258,1373
30438,1373
30439,1373
30429,1373
30430,1373
16084,1373
30428,1373
16281,1373
30437,1373
30440,1373
30441,1373
30442,1373
30443,1373
16272,1373
16293,1373
16262,1373
16253,1373
30394,1373
30396,1373
30399,1373
30400,1373
30401,1373
30402,1373
30404,1373
30405,1373
30409,1373
30410,1373
30415,1373
30416,1373
30417,1373
30419,1373
30420,1373
30422,1373
30424,1373
30425,1373
30426,1373
16273,1373
16285,1373
16255,1373
30432,1373
30433,1373
30434,1373
30435,1373
30436,1373
30389,1373
30390,1373
16257,1373
16260,1373
16290,1373
1703,1373
16270,1373
16266,1373
16300,1373
16254,1373
16256,1373
16259,1373
16261,1373
16263,1373
16264,1373
16204,1365
16832,4502
16831,4502
16830,4502
10492,1374
1704,1375
10964,1376
10961,1376
10962,1376
10963,1376
17411,5122
1705,1382
11020,1384
6979,2370
10095,1386
25819,1387
17342,4942
17341,4942
17334,4922
1708,1389
25281,1390
16356,1391
25411,1392
25412,1392
25361,1393
1709,1395
1711,1396
1712,1396
16369,1397
16370,1397
16371,1397
25413,1397
1713,1399
1714,1400
6982,2361
25453,2361
1716,1401
10051,1403
10052,1404
1717,1405
10845,1405
10846,1405
1718,1405
25820,1407
8296,2454
1721,1408
1722,1410
25674,5474
1724,1412
1727,1411
10688,1411
15717,1413
1731,1416
29754,1416
1728,1416
1729,1416
25821,1416
15635,3532
15636,3532
15638,3532
15637,3532
25822,1418
1732,1420
9928,1422
25279,1423
1734,1427
1733,1427
25515,1428
1735,1429
11321,1429
1736,1429
10975,1430
25414,1431
1738,1432
7887,1434
6718,1434
1739,1434
7886,1434
1740,1434
25846,3147
25844,3147
25845,3147
6719,2380
29522,1438
29523,1439
29524,1439
25533,1440
1741,1440
11104,1442
17519,1443
17518,1443
1743,1444
1745,1444
11322,1444
1746,1444
1742,1444
1744,1444
1747,1445
17332,1446
11323,1446
1748,1446
31977,1446
31976,1446
31975,1446
32207,1446
17333,1446
31974,1446
27845,1446
1756,1446
1755,1446
1753,1446
1752,1446
1751,1446
1749,1446
27842,1446
1757,1448
29525,1449
32214,5617
9644,2792
9645,2792
9646,2792
9647,2792
9946,2792
15735,1451
11354,1454
11353,1454
15745,3579
25417,1456
25418,1456
1758,1456
1759,1456
1760,1456
25416,1456
1762,1456
16372,1456
1763,1456
25415,1456
1775,1457
1778,1457
1779,1457
1782,1457
1785,1457
1786,1457
1787,1457
29578,1457
29579,1457
7658,1457
1781,1457
1768,1457
11324,1457
1764,1457
1765,1457
1767,1457
1769,1457
1770,1457
1771,1457
1772,1457
1773,1457
1774,1457
1788,1458
1792,1458
10381,1458
1789,1458
1808,1458
1807,1458
1806,1458
1805,1458
1804,1458
1803,1458
1801,1458
1800,1458
1798,1458
1795,1458
1794,1458
1793,1458
6983,1458
1796,1458
1790,1458
1802,1458
1799,1458
1809,1459
1810,1459
1811,1460
11325,1460
1812,1460
1813,1460
1814,1460
1816,1460
31420,1460
1815,1460
9021,1461
1817,1461
1819,1461
1818,1461
1820,1465
1822,1465
1821,1465
17529,1468
28071,1469
11326,1472
1827,1472
1830,1472
1828,1472
1826,1472
1824,1472
1832,1472
1831,1472
1829,1472
10725,1474
10724,1474
25842,1476
25841,1476
25840,1476
25839,1476
25843,1476
25518,5466
25519,5466
32227,5625
1836,1478
1837,1478
1835,1478
25823,1479
29526,1480
1838,1480
25363,1482
1841,1485
1840,1484
1842,1486
25221,1486
15671,3541
1844,3541
1845,3541
1846,3541
1847,1488
1848,1489
29527,1490
16165,1490
16166,1490
25419,1491
11107,1491
11106,1491
11105,1491
7921,1493
1849,1495
17538,1496
25384,1498
25383,1498
25382,1498
25385,1499
17539,1500
1850,1501
17540,1502
16103,1503
17381,5022
1858,1505
1856,1505
1851,1505
1854,1505
1872,1505
1871,1505
1853,1505
1875,1505
1876,1505
1879,1505
1881,1505
1883,1505
1884,1505
1859,1505
1885,1505
1886,1505
11327,1505
28150,1505
1868,1505
1865,1505
1874,1505
1873,1505
25060,1505
1878,1505
1877,1505
1870,1505
1869,1505
1852,1505
1855,1505
1857,1505
1860,1505
1861,1505
1862,1505
1864,1505
1866,1505
1867,1505
1888,1506
1887,1506
1889,1506
1890,1507
1919,1508
1896,1508
1924,1508
1926,1508
1925,1508
1922,1508
11328,1508
1923,1508
1920,1508
1908,1508
1907,1508
1898,1508
1891,1508
7893,1508
1892,1508
1893,1508
1894,1508
1895,1508
1897,1508
1900,1508
1905,1508
1927,1509
16357,1512
28151,1515
1937,1517
1935,1517
1934,1517
1933,1517
1932,1517
1931,1517
1936,1517
1928,1517
1929,1517
1930,1517
11329,1517
1938,1521
25376,1522
6986,2456
1939,1524
1942,1526
1943,1526
1944,1526
1946,1526
1948,1526
1949,1526
1950,1526
1953,1526
1954,1526
1956,1526
1958,1526
1967,1526
1968,1526
1969,1526
1972,1526
1974,1526
1975,1526
1976,1526
1977,1526
1978,1526
1979,1526
1980,1526
1981,1526
1982,1526
1983,1526
1984,1526
1985,1526
1986,1526
1987,1526
1988,1526
1990,1526
1991,1526
1992,1526
1993,1526
1994,1526
1995,1526
1996,1526
1997,1526
1998,1526
1999,1526
2000,1526
2001,1526
2002,1526
2004,1526
2007,1526
2008,1526
2010,1526
2011,1526
2012,1526
2013,1526
18960,1526
1971,1526
16394,1526
16395,1526
16182,1526
28407,1526
28408,1526
28409,1526
28410,1526
28411,1526
28412,1526
28413,1526
28414,1526
28415,1526
28418,1526
28417,1526
28387,1526
28388,1526
28389,1526
28390,1526
28391,1526
28394,1526
28395,1526
28396,1526
28398,1526
2017,1526
28382,1526
28385,1526
28386,1526
1941,1526
28392,1526
28380,1526
28384,1526
28393,1526
2009,1526
1951,1526
2006,1526
2927,1526
1960,1526
1961,1526
1962,1526
1963,1526
1964,1526
1965,1526
28419,1526
2038,1526
1973,1526
1959,1526
1970,1526
2015,1526
28397,1526
2029,1526
28383,1526
28406,1526
28381,1526
28403,1526
1952,1526
2020,1526
2021,1526
2022,1526
2023,1526
2024,1526
2027,1526
2028,1526
2030,1526
2031,1526
2032,1526
2033,1526
2034,1526
2037,1526
1955,1526
2036,1526
2014,1526
2016,1526
2018,1526
2019,1526
1957,1526
2035,1526
16396,1526
16397,1526
16398,1526
16399,1526
16400,1526
11330,1526
28402,1526
28404,1526
28405,1526
28399,1526
28401,1526
1989,1526
2039,1527
2041,1527
11331,1527
2042,1527
2043,1527
2040,1527
1940,1525
2045,1528
2046,1528
16213,1529
16147,1531
25377,1536
2047,1536
25378,1536
2051,1538
2049,1540
2050,1540
2048,1540
17461,1543
2052,1544
6987,2457
25379,1546
25380,1546
19027,1549
2054,1550
28191,5497
11108,1554
30271,1556
11109,1556
2055,1558
7922,1558
30272,1559
16361,1559
2056,1560
2057,1562
8297,2464
7060,2464
7059,2464
2058,1563
2059,1564
2060,1565
17527,1567
2061,1570
2063,1572
2066,1573
2067,1573
2068,1573
28725,5531
2069,1575
2081,1576
2090,1576
28470,1576
2082,1576
11738,1576
2089,1576
2087,1576
2086,1576
2071,1576
2072,1576
2075,1576
2076,1576
2077,1576
2079,1576
2083,1576
27810,1576
2092,1576
11739,1578
11740,1578
27750,1578
11741,1578
2096,1578
11742,1579
11743,1579
28192,5498
28193,5498
28194,5498
2100,2299
7659,1583
2103,1584
2104,1584
7661,1584
2101,1584
2102,1584
7662,1584
7660,1584
7926,1584
28052,1584
2110,1585
2106,1585
2105,1585
2107,1585
2111,1585
2108,1585
9337,1585
2109,1585
2113,1586
2115,1587
2114,1587
2117,1589
2116,1589
19007,1591
2118,1592
28152,1595
2119,1594
16144,1596
2122,1597
2120,1597
25849,1597
25850,1597
2121,1597
25847,1597
25848,1597
16203,3656
2123,1600
16211,1601
27752,1602
11745,1602
11747,1602
11748,1602
27753,1602
11744,1602
11749,1602
11746,1602
25375,1603
2134,1605
2133,1605
2139,1605
2135,1605
2132,1605
2131,1605
2137,1605
2136,1605
10510,1605
11332,1605
2141,1607
2140,1607
6720,2381
2142,1609
28153,1609
25420,1611
2143,1611
6725,1612
6724,1612
2144,1612
6726,1612
6721,1612
2146,1613
28195,1613
2145,1613
11333,1613
11750,1613
7663,1613
2148,1613
10084,1614
2149,1616
2150,1616
28053,1616
30275,1617
30274,1617
2151,1617
30273,1617
10512,1618
2152,1618
28155,1620
6985,2365
16214,1572
16543,4417
8317,1622
8318,1622
8326,1622
9424,1622
2167,1622
2168,1622
2169,1622
2171,1622
2174,1622
9158,1622
2154,1622
2155,1622
2156,1622
2157,1622
2158,1622
2160,1622
2161,1622
2162,1622
2163,1622
2164,1622
2165,1622
2175,1622
2153,1622
2166,1622
2173,1622
8304,1622
2170,1622
8309,1622
8319,1622
8320,1622
8300,1622
8306,1622
8307,1622
8308,1622
8310,1622
8311,1622
8302,1622
8303,1622
8305,1622
9464,1622
8312,1622
8313,1622
8314,1622
8315,1622
8316,1622
15736,3569
16124,3619
10831,3052
17541,1625
16544,1626
2178,1627
2177,1627
2176,1627
29528,1629
25867,4218
16125,3620
29574,1632
29561,1632
29562,1632
29563,1632
29564,1632
29571,1632
29572,1632
29573,1632
2189,1632
29575,1632
29560,1632
2181,1632
2186,1632
29558,1632
29576,1632
2185,1632
10504,1632
2182,1632
29559,1632
10505,1632
2188,1632
2180,1632
29568,1632
29567,1632
29566,1632
29565,1632
29570,1632
2183,1632
29569,1632
10513,1634
10697,1636
10696,1637
10698,1638
2194,1639
11755,1639
11753,1639
11752,1639
11751,1639
27754,1639
11754,1639
25824,1641
25825,1641
7061,2465
9013,2465
9011,2465
9012,2465
2201,1643
2202,1643
10699,1644
9367,1645
11334,1645
9368,1645
2210,1645
25539,1645
2206,1645
2207,1645
2204,1645
2203,1645
2209,1645
2208,1645
10792,1645
9366,1645
2211,1646
11756,1646
11760,1646
11762,1646
11757,1646
11759,1646
11758,1646
2212,1646
11761,1646
6729,2382
6727,2382
2221,1648
10511,1649
2224,1649
25226,1649
25459,1649
2233,1649
2228,1649
2232,1649
2231,1649
2230,1649
2229,1649
2227,1649
2226,1649
2225,1649
25227,1649
2223,1649
2222,1649
25223,1649
25224,1649
25225,1649
2235,1651
2234,1651
9931,1652
2237,1652
9929,1652
9930,1652
2236,1652
2238,1652
29529,1653
29530,1653
2239,1654
2240,1655
31432,1655
7889,1656
6984,2455
10985,1657
10986,1657
11178,1659
11803,1661
11804,1661
11805,1661
11806,1661
11807,1661
11808,1661
11809,1661
11810,1661
11811,1661
11812,1661
11813,1661
11814,1661
11815,1661
11816,1661
11817,1661
11818,1661
11819,1661
11820,1661
11821,1661
11824,1661
11825,1661
11826,1661
11827,1661
11828,1661
2261,1661
2262,1661
2264,1661
2266,1661
2268,1661
2270,1661
2272,1661
2276,1661
2280,1661
2282,1661
2287,1661
2242,1661
2243,1661
2244,1661
2245,1661
2246,1661
2247,1661
2248,1661
2249,1661
2250,1661
2251,1661
2252,1661
2253,1661
2254,1661
2255,1661
2256,1661
2257,1661
2259,1661
11767,1661
11768,1661
11769,1661
11770,1661
11771,1661
11772,1661
11773,1661
11774,1661
11837,1661
11855,1661
11873,1661
11893,1661
11998,1661
12017,1661
11844,1661
11845,1661
11846,1661
11847,1661
11848,1661
11849,1661
11850,1661
11851,1661
11852,1661
11999,1661
16506,1661
11775,1661
11822,1661
11875,1661
11901,1661
11953,1661
12003,1661
11829,1661
11830,1661
11831,1661
11832,1661
11833,1661
11834,1661
11778,1661
11779,1661
11780,1661
11781,1661
11782,1661
11783,1661
11784,1661
11785,1661
11786,1661
11787,1661
11788,1661
11789,1661
11790,1661
11791,1661
11792,1661
11793,1661
11794,1661
11795,1661
11796,1661
11797,1661
11798,1661
11799,1661
11800,1661
11801,1661
11802,1661
11990,1661
11991,1661
11992,1661
11993,1661
11994,1661
11995,1661
11996,1661
11997,1661
12000,1661
12001,1661
12002,1661
12004,1661
12005,1661
12006,1661
12008,1661
12009,1661
12010,1661
12011,1661
12012,1661
12013,1661
12014,1661
12015,1661
11905,1661
11908,1661
11909,1661
11910,1661
11911,1661
11912,1661
11913,1661
11914,1661
11915,1661
11916,1661
11917,1661
11918,1661
11919,1661
11920,1661
11921,1661
12016,1661
12018,1661
12019,1661
16505,1661
11335,1661
11776,1661
11823,1661
11906,1661
12007,1661
11777,1661
11835,1661
11836,1661
11838,1661
11839,1661
11840,1661
11841,1661
11842,1661
11843,1661
11989,1661
11763,1661
11764,1661
11765,1661
11766,1661
11894,1661
11895,1661
11896,1661
11897,1661
11898,1661
11899,1661
11900,1661
11902,1661
11903,1661
11904,1661
11958,1661
11959,1661
11960,1661
11961,1661
11962,1661
11963,1661
11964,1661
11965,1661
11966,1661
11967,1661
11968,1661
11969,1661
11970,1661
11971,1661
11922,1661
11923,1661
11924,1661
11925,1661
11926,1661
11927,1661
11928,1661
11929,1661
11930,1661
11931,1661
11932,1661
11933,1661
11934,1661
11935,1661
11936,1661
11937,1661
11938,1661
11939,1661
11940,1661
11941,1661
11942,1661
11943,1661
11944,1661
11945,1661
11946,1661
11947,1661
11948,1661
11949,1661
11950,1661
11951,1661
11952,1661
11954,1661
11955,1661
11956,1661
11983,1661
11984,1661
11985,1661
11986,1661
11987,1661
11988,1661
7919,1661
7920,1661
2296,1661
11907,1661
11957,1661
2241,1661
2278,1661
7664,1661
11866,1661
11867,1661
11868,1661
11869,1661
11870,1661
11871,1661
11872,1661
11874,1661
11876,1661
11877,1661
11878,1661
11879,1661
11880,1661
11881,1661
11882,1661
11853,1661
11854,1661
11856,1661
11857,1661
11858,1661
11859,1661
11860,1661
11861,1661
11862,1661
11863,1661
11864,1661
11865,1661
11972,1661
11973,1661
11974,1661
11975,1661
11976,1661
11977,1661
11978,1661
11979,1661
11980,1661
11981,1661
11982,1661
11883,1661
11884,1661
11885,1661
11886,1661
11887,1661
11888,1661
11889,1661
11890,1661
11891,1661
11892,1661
2298,1662
2297,1662
16095,3603
27756,1664
27755,1664
12022,1664
2300,1664
12024,1664
12023,1664
12021,1664
12020,1664
11179,1665
17312,4882
17311,4882
17313,4882
2305,1666
2308,1669
15699,3544
15698,3544
15697,3544
15700,3544
15702,3544
15701,3544
11180,1673
11182,1673
11181,1673
2309,1671
25537,1674
25538,1674
25536,1674
2313,1675
2312,1675
2311,1675
2310,1675
2314,1675
28056,1675
2315,1675
28058,1675
28057,1675
11347,3308
2316,1676
25364,1677
12025,1678
2320,1683
12026,1684
12031,1684
27758,1684
12027,1684
12028,1684
12029,1684
27757,1684
12030,1684
28424,1685
12032,1685
2328,1687
15746,3580
25360,5362
2329,1690
10085,1690
2330,1691
2331,1691
2332,1691
15677,3543
15678,3543
15679,3543
15680,3543
15676,3543
2333,1694
12039,1695
12038,1695
12036,1695
12035,1695
12034,1695
2337,1695
2334,1695
2339,1695
2343,1695
12033,1695
12037,1695
10797,1696
2345,1698
29919,1698
29920,1698
16362,1699
16363,1699
29537,1703
16145,3638
29542,1704
29540,1704
29541,1704
29539,1704
29538,1704
29543,1705
2346,1706
9369,1707
2348,1708
2349,1710
2350,1710
2354,1710
2352,1710
2353,1710
2351,1710
12046,1711
12042,1711
12041,1711
12043,1711
12040,1711
12044,1711
12045,1711
2362,1714
12047,1714
12048,1715
7046,2463
12067,1717
12065,1717
12064,1717
12063,1717
12062,1717
12061,1716
12060,1716
12059,1716
12058,1716
12056,1716
12055,1716
12054,1716
12053,1716
12052,1716
12051,1716
12050,1716
12049,1716
2370,1716
27765,1717
27764,1717
27763,1717
27762,1717
12069,1717
27761,1716
27760,1716
27759,1716
12068,1717
12066,1717
12057,1716
12081,1718
12083,1718
12084,1719
12085,1719
12086,1719
12088,1719
12090,1719
12091,1719
12092,1719
12093,1719
12072,1718
12073,1718
12074,1718
12075,1718
12076,1718
12077,1718
12080,1718
2389,1718
12089,1719
2403,1719
12082,1718
12070,1718
12071,1718
12087,1719
12078,1718
12079,1718
2405,1722
2406,1722
2407,1722
2408,1722
2411,1722
2410,1722
11336,1722
2412,1722
2409,1722
12100,1725
12099,1725
12098,1725
12097,1725
12096,1725
12094,1725
12095,1725
12102,1727
12104,1727
12103,1727
12101,1727
12107,1728
12106,1728
2425,1728
12108,1728
12109,1728
12111,1728
12110,1728
2427,1728
12105,1728
2434,1730
29928,1730
2433,1730
12113,1731
12112,1731
12115,1731
12114,1731
2440,1733
25535,1733
2441,1733
2439,1733
32230,1733
32229,1733
12116,1734
28491,1734
28489,1734
28488,1734
28487,1734
28486,1734
28485,1734
28490,1734
12118,1734
12119,1734
28475,1734
12117,1734
28484,1734
28483,1734
28482,1734
28477,1734
28478,1734
28471,1734
28472,1734
28473,1734
28474,1734
28480,1734
28481,1734
28479,1734
28476,1734
25373,1735
31939,4258
31940,4258
15728,1736
2446,1736
6731,1737
29544,1738
2447,1738
10851,2301
10850,2301
10855,2301
10847,2301
10848,2301
10852,2301
10853,2301
10854,2301
10849,2301
28156,1739
2460,1741
12135,1741
12138,1741
28492,1741
12130,1741
28496,1741
12142,1741
28497,1741
28498,1741
12124,1741
28499,1741
12145,1741
12131,1741
2454,1741
12141,1741
2485,1741
2488,1741
2462,1741
2450,1741
2465,1741
2469,1741
16509,1741
12132,1741
12133,1741
12134,1741
12137,1741
12139,1741
12140,1741
12143,1741
12144,1741
12146,1741
12122,1741
12123,1741
12125,1741
12126,1741
12127,1741
12128,1741
12129,1741
12120,1741
12121,1741
2476,1741
2478,1741
12136,1741
19496,1741
28503,1741
28494,1741
28495,1741
28502,1741
28500,1741
28501,1741
2463,1741
2470,1741
2472,1741
2475,1741
2480,1741
2484,1741
2489,1741
2451,1741
2459,1741
2448,1741
28493,1741
2491,1744
2490,1744
29921,1744
2492,1745
2493,1745
2494,1745
6809,1746
2495,1746
12155,1747
12156,1747
12154,1747
12153,1747
12152,1747
12147,1747
10490,1747
12150,1747
12151,1747
12149,1747
12148,1747
25673,3724
2503,1748
2504,1749
28177,1750
2506,1751
2507,1751
2505,1751
12159,1752
28157,1752
12157,1752
12158,1752
12160,1752
2515,1752
2513,1752
2516,1752
2508,1752
2509,1752
2510,1752
2511,1752
12161,1753
2522,1754
25864,4227
6989,2459
2559,1756
2560,1756
2566,1756
2549,1756
2550,1756
2551,1756
2552,1756
2523,1756
2524,1756
2525,1756
2526,1756
2527,1756
2528,1756
2529,1756
2530,1756
2531,1756
2532,1756
2533,1756
2534,1756
2535,1756
2537,1756
2538,1756
2539,1756
2540,1756
2541,1756
2542,1756
2544,1756
2545,1756
2546,1756
2547,1756
2548,1756
16474,1756
16475,1756
12215,1756
12219,1756
12175,1756
12191,1756
12206,1756
12195,1756
12196,1756
12197,1756
12198,1756
12199,1756
12200,1756
12201,1756
12203,1756
12162,1756
16476,1756
16471,1756
12204,1756
12202,1756
2568,1756
2570,1756
2571,1756
2573,1756
2575,1756
2576,1756
2577,1756
2579,1756
2580,1756
2581,1756
2582,1756
2584,1756
2586,1756
2590,1756
2591,1756
2595,1756
2596,1756
2598,1756
2599,1756
2600,1756
2601,1756
2602,1756
2604,1756
2606,1756
2609,1756
2612,1756
2614,1756
2617,1756
2618,1756
2620,1756
2622,1756
2623,1756
2626,1756
2627,1756
2629,1756
2630,1756
2632,1756
2636,1756
2554,1756
2555,1756
2556,1756
2557,1756
2558,1756
28426,1756
28427,1756
27766,1756
27767,1756
12221,1756
7632,1756
2637,1756
2619,1756
12211,1756
12212,1756
12213,1756
12225,1756
12226,1756
12227,1756
12228,1756
12229,1756
12230,1756
12163,1756
12164,1756
12165,1756
12166,1756
12167,1756
12168,1756
12169,1756
12170,1756
12171,1756
12172,1756
12173,1756
12174,1756
12176,1756
12177,1756
12178,1756
12179,1756
12180,1756
12181,1756
12182,1756
12183,1756
12184,1756
12185,1756
12186,1756
12187,1756
12188,1756
12189,1756
12190,1756
12192,1756
12193,1756
12194,1756
12205,1756
12207,1756
12208,1756
12209,1756
12210,1756
12216,1756
12217,1756
12218,1756
12220,1756
12222,1756
12223,1756
12224,1756
11337,1756
12214,1756
16472,1756
6988,2458
12231,1759
12232,1759
12233,1759
12234,1759
12235,1759
12236,1759
12237,1759
12238,1760
30340,1761
25258,1761
30343,1761
2650,1761
30341,1761
30342,1761
6810,1761
6811,1761
30344,1761
2648,1761
30338,1761
30339,1761
2647,1761
2649,1761
2754,1762
2755,1762
2756,1762
2758,1762
2759,1762
2760,1762
25507,1762
25583,1762
25582,1762
2658,1762
2683,1762
2686,1762
2784,1762
2785,1762
2688,1762
2690,1762
2692,1762
2693,1762
2699,1762
2701,1762
2702,1762
2706,1762
2709,1762
2714,1762
2717,1762
2718,1762
2719,1762
2720,1762
2721,1762
2722,1762
2723,1762
2725,1762
2727,1762
2728,1762
2729,1762
2730,1762
2731,1762
2732,1762
2733,1762
2734,1762
2735,1762
2736,1762
2679,1762
2680,1762
2681,1762
2682,1762
2738,1762
2739,1762
2740,1762
2741,1762
2742,1762
2743,1762
2744,1762
2745,1762
2746,1762
2747,1762
2685,1762
2687,1762
2748,1762
2750,1762
2751,1762
2753,1762
2796,1762
2797,1762
2798,1762
28694,1762
28695,1762
28696,1762
28698,1762
28700,1762
28701,1762
2771,1762
2773,1762
2774,1762
2775,1762
2761,1762
2762,1762
2764,1762
2765,1762
2766,1762
2767,1762
2768,1762
2769,1762
2770,1762
2654,1762
2655,1762
2656,1762
2657,1762
2660,1762
2661,1762
2662,1762
2663,1762
2664,1762
2665,1762
2666,1762
2668,1762
2669,1762
2670,1762
2671,1762
2672,1762
2674,1762
2675,1762
9382,1762
2677,1762
2678,1762
2652,1762
2653,1762
2786,1762
2787,1762
2788,1762
2789,1762
2790,1762
2791,1762
2793,1762
2794,1762
8430,1762
8431,1762
8432,1762
8433,1762
8434,1762
8435,1762
8436,1762
8437,1762
8438,1762
8439,1762
8440,1762
8441,1762
8442,1762
8443,1762
8444,1762
8445,1762
8446,1762
8447,1762
8448,1762
8449,1762
8450,1762
8451,1762
8452,1762
8453,1762
8454,1762
8455,1762
8456,1762
8406,1762
8407,1762
8408,1762
8409,1762
8410,1762
8411,1762
8412,1762
8413,1762
8457,1762
8458,1762
8459,1762
8460,1762
8414,1762
8415,1762
8416,1762
8417,1762
8418,1762
8419,1762
8420,1762
8421,1762
8422,1762
8423,1762
8424,1762
8461,1762
8462,1762
8463,1762
8464,1762
8465,1762
8466,1762
8467,1762
8468,1762
28691,1762
28693,1762
8486,1762
8487,1762
8488,1762
8489,1762
8490,1762
8491,1762
8492,1762
8493,1762
8494,1762
8495,1762
8496,1762
8497,1762
8498,1762
8499,1762
8469,1762
8470,1762
8471,1762
8472,1762
8473,1762
8474,1762
8475,1762
8476,1762
8477,1762
8478,1762
8479,1762
8480,1762
8481,1762
8482,1762
8483,1762
8484,1762
8485,1762
17231,1762
8425,1762
8426,1762
8427,1762
8428,1762
8429,1762
7861,1762
7862,1762
28703,1762
28704,1762
28705,1762
28706,1762
28707,1762
8589,1762
8590,1762
9391,1762
7906,1762
7907,1762
7908,1762
8383,1762
8384,1762
8385,1762
8386,1762
8387,1762
8388,1762
8389,1762
8390,1762
8391,1762
8392,1762
8393,1762
8558,1762
8559,1762
8560,1762
8561,1762
8562,1762
8563,1762
8564,1762
8565,1762
8566,1762
8567,1762
8568,1762
8539,1762
8540,1762
8541,1762
8542,1762
8543,1762
8544,1762
8545,1762
8546,1762
8547,1762
8548,1762
8549,1762
8550,1762
8551,1762
8552,1762
8553,1762
8554,1762
8555,1762
8556,1762
8569,1762
8570,1762
8571,1762
8572,1762
8573,1762
8574,1762
8575,1762
8576,1762
8577,1762
8578,1762
8579,1762
8580,1762
8581,1762
8582,1762
8583,1762
8584,1762
8585,1762
8586,1762
8587,1762
8588,1762
8372,1762
8373,1762
8513,1762
8514,1762
8515,1762
8516,1762
8517,1762
8394,1762
8395,1762
8396,1762
8397,1762
8398,1762
8399,1762
8400,1762
8401,1762
8402,1762
8403,1762
8404,1762
8405,1762
8607,1762
8608,1762
8557,1762
8374,1762
8375,1762
8376,1762
8377,1762
8378,1762
8379,1762
8380,1762
8381,1762
8382,1762
8594,1762
8595,1762
8596,1762
8597,1762
8598,1762
8599,1762
8600,1762
8601,1762
8602,1762
8603,1762
8604,1762
8605,1762
8606,1762
7895,1762
8500,1762
8501,1762
8502,1762
8503,1762
8504,1762
8505,1762
8506,1762
8531,1762
8532,1762
8533,1762
8534,1762
8535,1762
8536,1762
8537,1762
8538,1762
8358,1762
8359,1762
8360,1762
8361,1762
8362,1762
8363,1762
8364,1762
8365,1762
8366,1762
8367,1762
8368,1762
8369,1762
8370,1762
8371,1762
29709,1762
29707,1762
29705,1762
29711,1762
29712,1762
29715,1762
29714,1762
29734,1762
2795,1762
29681,1762
29680,1762
29689,1762
29696,1762
29698,1762
29692,1762
7863,1762
7864,1762
7865,1762
7866,1762
7868,1762
12239,1762
12240,1762
12241,1762
12242,1762
12243,1762
12244,1762
12245,1762
12246,1762
12247,1762
8507,1762
8508,1762
8509,1762
8510,1762
8511,1762
8512,1762
8518,1762
8519,1762
8520,1762
8521,1762
8522,1762
8523,1762
8524,1762
8525,1762
8526,1762
8527,1762
8528,1762
8529,1762
8530,1762
8591,1762
8592,1762
8593,1762
8125,1762
8126,1762
8127,1762
8128,1762
8129,1762
8130,1762
8131,1762
8132,1762
8133,1762
8134,1762
8135,1762
8136,1762
8137,1762
8138,1762
8139,1762
8140,1762
8141,1762
7894,1762
7665,1762
7666,1762
7667,1762
7668,1762
2673,1762
2667,1762
2659,1762
2684,1762
2713,1762
2737,1762
2763,1762
29682,1762
29684,1762
29685,1762
29686,1762
29687,1762
29688,1762
29690,1762
29731,1762
29732,1762
29733,1762
29693,1762
29695,1762
29697,1762
29699,1762
29701,1762
29702,1762
29703,1762
29683,1762
30628,1762
30629,1762
30630,1762
30631,1762
30632,1762
2792,1762
31963,1762
29704,1762
29706,1762
29708,1762
31425,1762
29694,1762
29691,1762
29700,1762
29710,1762
8083,1762
8084,1762
8085,1762
8086,1762
8087,1762
8088,1762
8089,1762
8090,1762
8091,1762
8092,1762
8093,1762
8094,1762
8095,1762
8096,1762
8097,1762
8098,1762
8099,1762
8100,1762
8101,1762
8102,1762
8103,1762
8104,1762
8105,1762
8106,1762
8107,1762
8108,1762
8109,1762
8110,1762
8111,1762
8112,1762
8351,1762
8352,1762
8353,1762
8354,1762
8355,1762
8356,1762
8357,1762
8350,1762
8330,1762
8338,1762
8339,1762
8331,1762
8332,1762
8333,1762
8334,1762
8335,1762
8336,1762
8337,1762
8340,1762
8341,1762
8113,1762
8114,1762
8115,1762
8116,1762
8117,1762
8118,1762
8119,1762
8120,1762
8121,1762
8122,1762
8123,1762
8124,1762
29735,1762
11338,1762
29742,1762
2695,1762
8056,1762
8057,1762
29717,1762
29719,1762
29720,1762
29721,1762
29722,1762
29723,1762
29724,1762
29725,1762
29726,1762
29727,1762
29728,1762
29729,1762
29730,1762
30517,1762
29533,1762
29534,1762
29535,1762
29713,1762
2689,1762
29716,1762
29718,1762
28692,1762
29531,1762
29532,1762
2772,1762
8072,1762
8073,1762
8074,1762
8075,1762
8076,1762
8077,1762
8342,1762
8343,1762
8344,1762
8345,1762
8346,1762
8347,1762
8348,1762
8349,1762
7669,1762
7670,1762
7671,1762
7672,1762
7673,1762
7674,1762
7676,1762
7677,1762
8078,1762
8079,1762
8080,1762
8081,1762
8082,1762
2799,1763
28061,1763
28060,1763
28059,1763
28062,1763
2802,1765
6733,1765
2804,1765
2803,1765
6735,1765
2805,1765
6734,1765
7890,1765
2811,1766
7902,1766
7896,1766
7897,1766
7898,1766
7899,1766
2806,1766
7901,1766
2810,1766
2809,1766
2808,1766
2807,1766
7900,1766
9810,1768
12268,1770
12269,1770
12271,1770
12272,1770
12273,1770
12274,1770
12275,1770
12276,1770
12277,1770
12278,1770
12279,1770
12281,1770
12282,1770
12283,1770
12284,1770
12285,1770
12286,1770
12287,1770
12288,1770
12289,1770
12290,1770
12291,1770
12293,1770
12294,1770
12295,1770
12296,1770
12297,1770
12298,1770
12299,1770
12300,1770
12301,1770
12311,1770
12312,1770
12248,1770
12249,1770
12250,1770
12251,1770
12252,1770
12253,1770
12254,1770
12255,1770
12256,1770
12257,1770
12258,1770
2891,1770
2888,1770
12292,1770
27769,1770
12323,1770
12324,1770
12344,1770
12345,1770
12346,1770
12347,1770
12348,1770
12349,1770
12350,1770
12351,1770
12352,1770
12353,1770
12355,1770
12356,1770
12357,1770
12358,1770
12359,1770
12360,1770
12361,1770
12362,1770
12363,1770
12364,1770
12365,1770
12367,1770
12368,1770
12369,1770
12370,1770
12372,1770
12373,1770
12374,1770
12375,1770
12377,1770
12378,1770
12382,1770
12383,1770
12384,1770
12385,1770
12386,1770
12387,1770
12388,1770
12389,1770
12390,1770
12391,1770
12392,1770
12393,1770
12313,1770
12314,1770
12316,1770
12317,1770
12304,1770
12305,1770
12306,1770
12307,1770
12308,1770
12309,1770
12310,1770
12259,1770
12260,1770
12261,1770
12262,1770
12263,1770
12264,1770
12265,1770
12267,1770
12336,1770
12338,1770
12339,1770
12340,1770
12341,1770
12342,1770
12343,1770
16451,1770
16452,1770
16453,1770
16454,1770
16455,1770
12402,1770
12403,1770
12404,1770
12379,1770
12380,1770
12381,1770
12405,1770
12406,1770
12407,1770
12408,1770
12409,1770
12410,1770
12411,1770
12412,1770
12413,1770
12414,1770
12415,1770
12416,1770
12417,1770
12418,1770
12419,1770
12421,1770
12422,1770
12423,1770
12424,1770
12425,1770
12426,1770
12427,1770
12428,1770
12335,1770
16445,1770
16446,1770
16447,1770
16448,1770
16449,1770
16450,1770
16434,1770
16437,1770
16438,1770
16439,1770
12325,1770
12326,1770
12327,1770
12328,1770
12329,1770
12330,1770
12331,1770
12332,1770
12318,1770
12320,1770
12321,1770
12322,1770
2823,1770
2825,1770
2835,1770
2838,1770
2843,1770
2845,1770
2846,1770
2848,1770
2815,1770
2816,1770
2817,1770
2915,1770
2917,1770
2919,1770
2921,1770
2923,1770
28429,1770
12270,1770
27770,1770
27771,1770
2943,1770
12280,1770
2842,1770
27768,1770
2852,1770
2853,1770
2855,1770
2857,1770
12266,1770
12315,1770
12420,1770
28428,1770
16440,1770
16441,1770
16442,1770
16443,1770
12376,1770
12366,1770
12397,1770
12398,1770
12399,1770
12400,1770
12401,1770
16433,1770
16435,1770
16436,1770
12303,1770
12319,1770
12337,1770
12354,1770
12371,1770
16444,1770
16456,1770
16457,1770
16458,1770
16459,1770
16460,1770
12302,1770
2827,1770
12394,1770
12395,1770
12396,1770
12333,1770
12334,1770
2973,1770
2976,1770
2977,1770
2979,1770
2980,1770
2981,1770
2984,1770
2988,1770
2989,1770
2991,1770
2995,1770
2997,1770
2998,1770
2963,1770
2966,1770
2930,1770
2932,1770
2934,1770
2935,1770
2936,1770
2937,1770
2939,1770
2940,1770
2944,1770
2948,1770
2951,1770
2955,1770
2959,1770
2960,1770
2812,1770
2813,1770
2814,1770
2859,1770
2860,1770
2862,1770
2863,1770
2864,1770
2866,1770
2867,1770
2868,1770
2870,1770
2872,1770
2873,1770
2875,1770
2876,1770
2877,1770
2878,1770
2880,1770
2887,1770
2889,1770
2890,1770
2892,1770
2893,1770
2896,1770
2897,1770
2906,1770
2907,1770
2908,1770
2910,1770
2911,1770
2912,1770
2913,1770
2819,1770
2822,1770
3008,1772
16478,1772
3003,1772
3004,1772
3000,1772
3006,1772
3011,1772
3001,1772
3002,1772
3005,1772
3015,1774
3013,1774
3012,1774
3014,1774
16477,1774
3024,1775
12431,1776
12429,1776
12430,1776
3023,1776
3026,1777
3027,1779
12434,1781
12433,1781
12432,1781
3032,1782
10793,1783
31954,1784
7929,1784
3035,1784
3034,1784
3033,1784
3036,1784
3037,1785
3038,1786
7678,1788
3039,1790
3040,1791
25371,1787
3041,1794
3045,1795
3046,1795
3043,1795
3042,1795
7682,1795
7681,1795
7679,1795
7680,1795
3044,1795
25372,1797
3047,1798
17481,4246
3048,1799
3052,1799
3051,1799
3049,1799
3050,1799
3053,1801
3054,1801
30276,1802
3056,1802
3058,1804
31046,5579
6740,1805
3084,1806
15696,1806
15695,1806
15694,1806
15691,1806
15690,1806
15689,1806
15688,1806
15687,1806
15686,1806
15685,1806
15684,1806
15683,1806
15682,1806
15681,1806
3085,1806
3059,1806
3060,1806
3061,1806
3062,1806
3063,1806
3064,1806
3065,1806
3066,1806
3067,1806
3068,1806
3069,1806
3070,1806
3071,1806
3072,1806
3073,1806
3074,1806
3075,1806
3076,1806
3077,1806
3078,1806
3079,1806
3080,1806
3081,1806
3082,1806
3083,1806
3089,1808
3087,1808
3086,1808
3088,1808
3090,1808
7930,1808
17302,1809
17301,1809
3095,1810
3093,1810
3091,1810
3094,1810
3092,1810
3096,1812
3098,1813
3097,1813
10968,3145
3099,1814
11680,3383
3102,1815
3103,1815
3104,1815
3101,1815
3100,1815
3106,1815
3105,1815
11352,3310
11351,3310
15737,3571
11185,1817
3263,1817
12495,1817
12444,1817
12558,1817
12560,1817
12561,1817
12562,1817
12563,1817
11339,1817
12564,1817
3163,1817
12537,1817
27779,1817
3159,1817
12478,1817
12512,1817
12545,1817
12446,1817
3191,1817
3126,1817
12493,1817
12438,1817
3204,1817
12559,1817
12551,1817
12552,1817
12553,1817
12554,1817
12555,1817
12556,1817
12557,1817
3114,1817
12437,1817
12536,1817
12544,1817
12546,1817
12547,1817
12548,1817
12549,1817
12550,1817
12465,1817
12515,1817
27773,1817
27774,1817
27775,1817
27776,1817
12454,1817
12455,1817
12456,1817
12457,1817
12458,1817
12461,1817
12463,1817
12464,1817
12466,1817
12467,1817
12468,1817
12470,1817
12471,1817
12540,1817
12435,1817
12436,1817
12439,1817
12440,1817
12441,1817
12442,1817
12443,1817
12445,1817
12447,1817
12448,1817
12449,1817
12450,1817
12451,1817
12452,1817
12453,1817
12501,1817
12502,1817
12503,1817
12504,1817
12505,1817
12506,1817
12507,1817
12508,1817
12509,1817
12510,1817
12511,1817
12513,1817
12514,1817
12516,1817
12517,1817
12519,1817
12520,1817
12521,1817
12522,1817
12523,1817
12483,1817
3121,1817
3122,1817
3123,1817
3124,1817
3125,1817
3127,1817
3128,1817
3132,1817
3195,1817
3199,1817
3200,1817
3202,1817
3211,1817
3215,1817
3216,1817
3218,1817
3220,1817
3222,1817
3226,1817
12472,1817
12473,1817
12474,1817
12475,1817
12476,1817
12477,1817
12479,1817
12480,1817
12481,1817
12482,1817
12524,1817
12525,1817
12526,1817
12527,1817
12528,1817
12529,1817
12530,1817
12531,1817
12532,1817
12533,1817
12534,1817
12538,1817
12539,1817
12541,1817
12542,1817
12484,1817
12485,1817
12486,1817
12487,1817
12488,1817
12489,1817
12490,1817
12491,1817
12492,1817
12494,1817
12496,1817
12497,1817
12499,1817
12500,1817
12459,1817
12469,1817
12498,1817
12518,1817
12535,1817
12543,1817
3229,1817
3232,1817
3235,1817
3236,1817
3238,1817
3243,1817
3244,1817
3248,1817
3252,1817
3254,1817
3258,1817
3260,1817
3262,1817
3264,1817
3265,1817
3266,1817
3267,1817
3268,1817
3108,1817
3109,1817
3110,1817
3111,1817
3112,1817
3113,1817
3150,1817
3153,1817
3156,1817
3160,1817
3164,1817
3165,1817
3166,1817
3167,1817
3170,1817
3171,1817
3172,1817
27777,1817
27778,1817
12460,1817
27772,1817
12462,1817
3224,1817
3138,1817
3140,1817
3142,1817
3149,1817
3173,1817
3176,1817
3179,1817
3181,1817
3184,1817
3187,1817
3115,1817
3116,1817
3117,1817
3118,1817
3119,1817
3120,1817
3269,1818
28430,1818
28431,1818
12565,1818
3271,1819
3272,1819
3277,1820
3276,1820
3274,1820
3273,1820
3275,1820
3278,1821
7009,2460
7008,2460
7010,2460
3280,1822
3279,1822
29929,1823
3281,1823
12566,1824
12567,1825
12568,1826
3284,1827
12569,1827
3286,1828
3320,1829
3321,1829
3322,1829
3323,1829
3324,1829
3325,1829
3326,1829
3327,1829
3328,1829
3329,1829
3330,1829
3358,1829
3359,1829
3361,1829
3362,1829
3363,1829
3364,1829
3365,1829
3368,1829
3371,1829
3372,1829
3374,1829
3331,1829
3333,1829
3334,1829
3335,1829
3336,1829
3337,1829
3349,1829
3403,1829
3375,1829
3376,1829
3377,1829
3378,1829
3379,1829
3380,1829
3381,1829
3382,1829
3383,1829
3384,1829
3387,1829
3388,1829
3390,1829
3391,1829
3392,1829
3394,1829
3352,1829
3355,1829
3357,1829
3292,1829
3293,1829
3294,1829
3295,1829
3296,1829
3297,1829
3298,1829
3299,1829
3300,1829
3301,1829
3302,1829
3303,1829
3304,1829
3305,1829
3306,1829
3307,1829
3308,1829
3309,1829
3310,1829
3311,1829
3312,1829
3313,1829
3314,1829
3316,1829
3317,1829
3319,1829
3369,1829
3367,1829
3366,1829
3370,1829
3395,1829
3398,1829
3400,1829
3401,1829
3402,1829
3287,1829
3288,1829
3289,1829
3290,1829
3291,1829
12628,1829
12646,1829
12666,1829
12610,1829
12659,1829
8675,1829
8676,1829
8677,1829
8678,1829
8679,1829
3373,1829
8680,1829
8681,1829
10064,1829
12661,1829
17451,1829
8623,1829
8624,1829
8625,1829
8626,1829
8627,1829
8628,1829
8629,1829
8630,1829
8631,1829
8632,1829
8633,1829
8634,1829
8635,1829
8636,1829
8637,1829
8638,1829
8639,1829
8640,1829
8641,1829
8642,1829
8643,1829
8644,1829
8645,1829
8646,1829
8647,1829
8648,1829
8649,1829
8650,1829
8651,1829
8652,1829
8653,1829
8654,1829
8655,1829
8613,1829
8614,1829
8615,1829
8616,1829
8662,1829
8663,1829
8664,1829
8665,1829
8666,1829
8667,1829
8668,1829
8669,1829
8670,1829
8656,1829
8657,1829
8658,1829
8659,1829
8660,1829
7871,1829
7872,1829
7873,1829
7874,1829
7875,1829
7876,1829
8661,1829
12582,1829
12578,1829
8671,1829
8672,1829
8673,1829
8674,1829
12607,1829
12608,1829
12609,1829
12611,1829
12612,1829
12613,1829
12614,1829
12615,1829
12616,1829
3354,1829
30454,1829
30431,1829
12617,1829
31423,1829
30444,1829
30462,1829
30463,1829
30445,1829
3399,1829
3393,1829
30455,1829
30450,1829
30451,1829
30456,1829
30457,1829
30458,1829
30459,1829
30460,1829
3350,1829
8682,1829
8683,1829
8684,1829
8685,1829
8686,1829
31424,1829
8609,1829
8610,1829
8611,1829
8612,1829
12570,1829
12571,1829
12572,1829
12573,1829
12579,1829
12580,1829
12581,1829
8617,1829
8618,1829
8619,1829
8620,1829
8621,1829
8622,1829
30448,1829
3351,1829
30465,1829
30468,1829
30469,1829
30447,1829
3397,1829
30452,1829
30453,1829
12583,1829
12584,1829
12585,1829
12586,1829
12587,1829
12588,1829
12589,1829
12618,1829
12619,1829
12620,1829
12621,1829
12622,1829
12623,1829
12624,1829
12625,1829
12626,1829
12627,1829
12629,1829
12630,1829
12631,1829
12632,1829
3315,1829
3396,1829
12604,1829
12644,1829
12633,1829
12634,1829
12635,1829
12636,1829
12637,1829
12638,1829
12639,1829
12640,1829
12641,1829
12642,1829
12643,1829
12605,1829
12606,1829
12574,1829
12575,1829
12576,1829
12577,1829
30446,1829
12595,1829
12596,1829
12597,1829
12598,1829
12599,1829
12600,1829
12601,1829
12602,1829
12603,1829
28710,1829
28711,1829
12664,1829
12665,1829
12667,1829
12668,1829
12669,1829
12670,1829
12671,1829
12672,1829
12654,1829
12655,1829
12656,1829
12657,1829
12658,1829
12660,1829
12662,1829
12663,1829
12645,1829
12647,1829
12648,1829
12649,1829
12650,1829
12651,1829
12652,1829
12653,1829
12590,1829
12591,1829
12592,1829
12593,1829
12594,1829
7870,1829
28708,1829
28709,1829
30449,1829
3356,1829
30461,1829
7994,1830
3405,1831
7993,1832
29949,1833
12673,1833
15723,1835
29948,5566
25395,2336
3409,2336
3410,1837
3411,1838
7992,1839
11120,1840
17211,1840
27847,1840
27848,1840
27849,1840
27850,1840
3413,1840
3414,1840
3415,1840
3416,1840
3418,1840
3419,1840
3421,1840
11119,1840
11466,1840
11465,1840
11464,1840
11463,1840
11462,1840
11461,1840
11460,1840
3417,1840
28425,1840
3423,1840
25215,1840
27846,1840
3443,1841
3444,1841
3446,1841
12693,1841
12694,1841
12695,1841
3430,1841
12688,1841
12689,1841
12690,1841
12691,1841
12692,1841
12674,1841
12675,1841
12676,1841
12677,1841
12678,1841
12679,1841
12680,1841
12681,1841
12682,1841
12683,1841
12686,1841
12687,1841
12684,1841
12685,1841
28432,1841
3424,1841
3425,1841
3426,1841
3428,1841
3437,1841
3442,1841
3451,1842
3448,1842
15738,3572
25872,3395
25869,3395
25870,3395
25871,3395
7011,2461
9019,2461
9018,2461
9016,2461
9017,2461
16087,3394
16086,3394
16085,3394
16088,3394
3452,1846
12696,1847
12697,1847
12698,1847
3456,1848
3458,1849
3459,1849
11731,3393
3457,1849
3460,1849
3461,1849
3462,1849
3463,1849
3464,1852
12699,1855
3479,1856
3480,1856
3481,1856
3482,1856
3483,1856
3485,1856
3474,1856
3475,1856
3476,1856
3477,1856
3478,1856
3484,1856
30597,1859
30598,1859
30599,1859
30600,1859
30601,1859
30627,1859
30614,1859
30615,1859
30620,1859
30624,1859
30570,1859
30571,1859
30603,1859
30604,1859
30605,1859
30606,1859
30607,1859
30608,1859
30609,1859
30610,1859
30611,1859
30612,1859
30613,1859
30616,1859
30617,1859
30618,1859
30619,1859
30621,1859
30575,1859
30622,1859
30578,1859
30577,1859
30593,1859
11730,3392
3488,1859
3493,1859
3495,1859
3496,1859
3497,1859
3498,1859
30554,1859
30555,1859
30556,1859
30557,1859
30558,1859
30559,1859
30560,1859
30561,1859
30562,1859
30563,1859
30564,1859
30565,1859
30566,1859
30287,1859
30288,1859
30289,1859
30284,1859
30285,1859
30286,1859
29950,1859
30567,1859
30568,1859
30569,1859
3516,1859
30602,1859
3500,1859
3503,1859
3523,1859
3526,1859
3530,1859
3531,1859
3532,1859
3536,1859
3538,1859
3539,1859
3540,1859
3541,1859
30596,1859
30595,1859
30625,1859
30626,1859
30623,1859
30572,1859
30573,1859
30574,1859
30576,1859
30579,1859
30580,1859
30581,1859
30582,1859
30583,1859
30584,1859
30585,1859
30586,1859
30587,1859
30588,1859
30589,1859
30590,1859
30591,1859
30592,1859
30594,1859
12700,1863
3543,1864
12710,1867
12711,1867
12712,1867
12713,1867
12714,1867
12715,1867
12716,1867
12717,1867
12721,1867
12701,1867
12702,1867
12703,1867
12704,1867
12705,1867
12707,1867
3468,1867
3571,1867
25506,1867
8802,1867
8803,1867
8804,1867
8805,1867
11272,1867
8780,1867
7877,1867
8745,1867
8746,1867
8747,1867
8748,1867
8749,1867
8750,1867
8751,1867
8752,1867
8753,1867
8754,1867
8755,1867
8756,1867
8757,1867
8758,1867
8759,1867
8760,1867
8761,1867
8762,1867
8763,1867
8764,1867
8765,1867
8766,1867
8767,1867
8768,1867
8769,1867
8770,1867
8771,1867
8772,1867
8773,1867
8774,1867
8776,1867
8777,1867
8778,1867
8779,1867
3572,1867
3570,1867
3573,1867
27745,1867
27746,1867
3565,1867
3568,1867
3659,1867
3652,1867
3584,1867
3683,1867
3579,1867
3589,1867
12718,1867
12719,1867
12720,1867
3467,1867
3469,1867
3470,1867
3471,1867
3472,1867
12708,1867
12709,1867
8733,1867
8734,1867
8735,1867
8736,1867
8737,1867
8738,1867
8739,1867
8740,1867
8741,1867
8742,1867
8743,1867
8744,1867
8687,1867
8688,1867
8689,1867
8690,1867
8691,1867
8692,1867
8693,1867
8694,1867
8695,1867
8696,1867
9952,1867
9951,1867
8697,1867
8698,1867
8699,1867
8700,1867
8701,1867
8702,1867
8703,1867
8704,1867
8705,1867
8706,1867
8707,1867
8708,1867
8709,1867
8710,1867
8711,1867
11320,1867
11169,1867
8781,1867
8782,1867
8783,1867
8784,1867
8785,1867
8786,1867
8787,1867
8788,1867
8789,1867
8790,1867
8791,1867
8792,1867
8793,1867
8794,1867
8795,1867
8796,1867
8797,1867
8798,1867
8799,1867
8800,1867
8801,1867
3566,1867
3569,1867
3574,1867
3575,1867
3576,1867
3578,1867
3580,1867
3581,1867
3582,1867
3587,1867
3588,1867
3591,1867
3596,1867
3636,1867
3644,1867
3645,1867
3648,1867
3653,1867
3655,1867
3656,1867
3658,1867
3662,1867
3663,1867
3664,1867
3665,1867
3667,1867
3668,1867
3669,1867
3673,1867
3674,1867
3675,1867
3678,1867
3547,1867
3548,1867
3549,1867
3550,1867
3551,1867
3552,1867
3553,1867
3554,1867
3557,1867
8712,1867
8713,1867
8714,1867
8715,1867
8716,1867
8717,1867
8718,1867
8719,1867
8720,1867
8721,1867
8722,1867
8723,1867
8724,1867
8725,1867
8726,1867
8727,1867
8728,1867
8729,1867
8730,1867
8731,1867
8732,1867
8156,1867
8157,1867
8158,1867
8159,1867
8160,1867
8161,1867
8162,1867
8163,1867
8164,1867
8165,1867
8166,1867
8167,1867
8168,1867
8169,1867
8170,1867
8171,1867
8172,1867
8173,1867
8174,1867
8175,1867
8176,1867
8177,1867
3679,1867
3680,1867
3681,1867
3682,1867
3684,1867
3546,1867
3608,1867
3609,1867
3611,1867
3612,1867
3613,1867
3614,1867
3616,1867
3617,1867
3620,1867
3621,1867
3622,1867
3623,1867
3624,1867
3625,1867
3626,1867
3627,1867
3628,1867
3629,1867
3630,1867
3556,1867
3558,1867
3559,1867
3560,1867
3561,1867
3562,1867
3563,1867
3564,1867
7940,1867
7941,1867
7878,1867
7683,1867
7684,1867
28196,1867
28197,1867
3676,1867
3619,1867
8775,1867
3610,1867
3672,1867
3677,1867
3595,1867
3545,1867
3555,1867
12706,1867
3643,1867
3597,1867
3598,1867
3601,1867
3602,1867
3603,1867
3604,1867
3605,1867
3567,1867
3606,1867
3607,1867
3666,1867
3670,1867
3635,1867
8150,1867
8151,1867
8152,1867
8178,1867
8179,1867
8180,1867
8181,1867
3577,1867
8142,1867
8143,1867
8144,1867
8145,1867
8146,1867
8147,1867
8148,1867
8149,1867
8188,1867
8189,1867
8190,1867
8191,1867
8192,1867
8193,1867
8194,1867
8195,1867
8182,1867
8183,1867
8184,1867
8185,1867
8186,1867
8187,1867
8153,1867
8154,1867
8155,1867
3686,1869
3685,1869
3687,1870
11127,1870
3688,1870
29545,1873
3691,1876
3694,1876
3693,1876
3692,1876
3695,1876
3690,1875
3689,1875
11115,1877
11116,1877
11117,1877
15739,3574
10210,1880
3701,1880
3705,1880
3702,1880
28063,1880
28064,1880
3697,1880
3704,1880
3706,1880
3707,1880
3708,1880
3696,1880
3698,1880
3699,1880
7685,1880
7686,1880
7687,1880
25359,1881
25358,1882
3709,1883
3719,1884
3720,1884
3721,1884
3722,1884
12744,1884
12745,1884
12746,1884
12722,1884
12723,1884
12724,1884
12725,1884
12726,1884
12727,1884
12728,1884
12729,1884
12731,1884
12732,1884
12733,1884
12734,1884
12735,1884
12736,1884
12738,1884
12739,1884
12740,1884
12741,1884
12742,1884
12743,1884
12747,1884
12748,1884
12749,1884
12750,1884
12751,1884
12753,1884
12754,1884
12755,1884
12756,1884
12757,1884
12730,1884
12752,1884
12737,1884
11340,1884
3749,1884
3751,1884
3710,1884
3711,1884
3712,1884
3746,1884
3747,1884
3748,1884
3745,1884
3742,1884
3713,1884
3714,1884
3715,1884
3716,1884
3717,1884
3718,1884
12758,1885
31413,1885
3752,1885
3758,1885
3754,1885
3755,1885
3756,1885
3753,1885
12760,1886
12759,1886
3762,1886
3764,1886
12765,1886
12764,1886
12763,1886
12761,1886
12762,1886
3766,1887
3767,1888
3768,1888
3769,1888
3770,1888
31434,1889
3778,1890
3775,1890
3776,1890
3777,1890
3773,1890
3772,1890
3771,1890
25736,1892
3779,1892
6611,2371
12766,1893
12771,1893
12770,1893
12772,1893
12767,1893
12768,1893
12769,1893
3786,1893
3788,1896
3789,1897
12784,1898
12783,1898
12782,1898
12781,1898
12780,1898
12779,1898
12777,1898
12776,1898
12775,1898
12774,1898
12773,1898
12788,1898
12786,1898
12785,1898
12791,1898
12790,1898
12778,1898
12787,1898
12789,1898
12794,1899
12803,1899
12800,1899
12799,1899
12793,1899
12798,1899
12801,1899
12792,1899
12796,1899
12797,1899
12795,1899
12802,1899
7854,1901
10205,1901
3948,1902
3953,1902
3962,1902
3965,1902
3972,1902
3836,1902
29767,1902
3896,1902
4065,1902
3940,1902
3950,1902
3930,1902
3934,1902
12942,1902
12943,1902
12945,1902
12947,1902
12948,1902
12949,1902
3919,1902
12950,1902
3921,1902
3924,1902
12951,1902
12952,1902
3928,1902
3932,1902
3933,1902
3935,1902
3936,1902
3938,1902
3941,1902
3942,1902
3943,1902
3944,1902
12953,1902
3947,1902
12954,1902
12956,1902
3952,1902
4013,1902
4015,1902
4016,1902
4018,1902
13163,1902
3961,1902
3963,1902
3964,1902
3966,1902
12957,1902
3968,1902
7690,1902
7691,1902
7693,1902
7694,1902
13162,1902
8890,1902
8891,1902
8892,1902
8893,1902
8894,1902
8895,1902
8896,1902
8897,1902
8898,1902
8899,1902
8900,1902
8901,1902
8902,1902
8903,1902
8904,1902
8905,1902
8906,1902
8907,1902
8908,1902
8909,1902
8910,1902
8911,1902
8912,1902
8913,1902
8914,1902
8915,1902
3955,1902
3956,1902
3957,1902
3958,1902
3959,1902
3960,1902
8875,1902
8876,1902
8877,1902
8878,1902
8879,1902
8880,1902
8881,1902
8882,1902
8883,1902
8884,1902
8885,1902
8886,1902
8887,1902
8888,1902
8889,1902
3945,1902
30542,1902
30538,1902
29764,1902
29768,1902
29769,1902
29770,1902
29771,1902
12900,1902
12901,1902
12902,1902
12903,1902
12904,1902
12905,1902
12906,1902
12907,1902
12908,1902
12909,1902
12910,1902
12911,1902
12912,1902
12913,1902
12914,1902
12915,1902
12916,1902
12917,1902
12897,1902
12898,1902
12899,1902
3937,1902
3868,1902
3850,1902
3852,1902
4101,1902
3869,1902
30543,1902
12958,1902
3970,1902
12959,1902
3975,1902
3977,1902
25510,1902
25512,1902
3837,1902
3929,1902
4080,1902
4034,1902
3978,1902
3981,1902
3982,1902
3983,1902
3984,1902
3991,1902
3992,1902
3993,1902
3996,1902
3997,1902
3999,1902
4000,1902
4001,1902
4002,1902
4006,1902
4007,1902
4008,1902
8252,1902
8253,1902
8254,1902
8255,1902
8256,1902
8257,1902
8258,1902
8259,1902
8260,1902
8261,1902
8262,1902
8263,1902
8264,1902
8265,1902
8266,1902
8267,1902
8268,1902
8825,1902
8826,1902
8827,1902
8828,1902
8829,1902
8830,1902
8831,1902
8832,1902
8833,1902
12821,1902
12822,1902
12823,1902
12824,1902
12825,1902
12826,1902
12827,1902
12828,1902
4068,1902
12804,1902
12805,1902
12806,1902
12807,1902
12808,1902
12809,1902
12810,1902
12811,1902
12812,1902
12813,1902
12815,1902
12816,1902
12817,1902
12818,1902
12819,1902
12820,1902
7880,1902
7881,1902
30545,1902
29775,1902
29780,1902
29781,1902
29782,1902
29783,1902
29784,1902
12843,1902
12844,1902
13134,1902
13135,1902
13136,1902
13137,1902
13138,1902
13139,1902
13140,1902
13141,1902
13143,1902
13144,1902
7942,1902
8839,1902
8840,1902
8841,1902
8842,1902
8843,1902
8844,1902
8845,1902
8846,1902
8847,1902
8848,1902
8849,1902
8850,1902
8851,1902
8852,1902
8853,1902
8854,1902
8855,1902
8856,1902
8857,1902
8858,1902
8859,1902
8860,1902
8861,1902
8862,1902
8863,1902
8864,1902
8865,1902
8866,1902
8867,1902
8868,1902
8869,1902
8870,1902
8871,1902
8872,1902
8873,1902
8874,1902
13133,1902
8834,1902
8835,1902
8836,1902
8837,1902
8838,1902
8243,1902
8244,1902
8245,1902
8246,1902
8247,1902
8248,1902
8249,1902
8250,1902
8251,1902
29739,1902
30266,1902
30267,1902
30283,1902
4040,1902
4051,1902
4049,1902
28923,1902
29761,1902
29762,1902
29772,1902
3882,1902
29759,1902
29760,1902
3849,1902
3889,1902
28931,1902
30518,1902
3931,1902
30519,1902
29773,1902
29774,1902
3825,1902
3890,1902
3894,1902
3875,1902
3876,1902
30292,1902
30293,1902
30294,1902
30295,1902
30296,1902
30297,1902
29779,1902
13145,1902
13146,1902
13147,1902
13148,1902
13149,1902
13150,1902
13151,1902
13152,1902
13153,1902
13154,1902
13155,1902
13156,1902
13157,1902
13158,1902
13159,1902
13161,1902
12829,1902
12830,1902
12831,1902
12832,1902
12834,1902
12835,1902
12837,1902
12838,1902
12839,1902
12840,1902
12841,1902
12842,1902
8924,1902
8925,1902
8926,1902
8927,1902
8928,1902
8929,1902
8930,1902
8931,1902
8932,1902
8933,1902
8934,1902
8935,1902
8936,1902
12919,1902
13055,1902
13056,1902
13057,1902
7695,1902
13050,1902
13051,1902
3872,1902
3971,1902
13052,1902
13053,1902
13054,1902
12864,1902
12944,1902
4067,1902
3873,1902
30327,1902
3826,1902
30279,1902
29737,1902
3806,1902
4069,1902
28945,1902
28943,1902
28939,1902
30282,1902
30280,1902
30281,1902
28744,1902
30303,1902
30304,1902
3899,1902
30305,1902
29778,1902
3861,1902
30335,1902
7692,1902
30357,1902
3906,1902
29741,1902
29776,1902
29777,1902
4053,1902
29738,1902
8973,1902
12936,1902
12937,1902
12938,1902
12939,1902
12940,1902
12941,1902
8944,1902
8945,1902
8946,1902
8947,1902
8948,1902
8949,1902
8950,1902
8951,1902
8952,1902
8953,1902
8954,1902
8955,1902
8956,1902
8957,1902
8958,1902
8959,1902
8960,1902
8961,1902
8962,1902
8963,1902
8964,1902
8965,1902
8966,1902
8967,1902
3828,1902
4096,1902
8937,1902
8938,1902
8939,1902
8940,1902
8941,1902
8942,1902
8943,1902
12931,1902
12932,1902
12933,1902
12934,1902
12935,1902
12920,1902
12921,1902
12922,1902
12923,1902
12924,1902
12925,1902
12926,1902
12927,1902
12928,1902
12929,1902
12930,1902
8916,1902
8917,1902
8918,1902
8919,1902
8920,1902
8921,1902
8922,1902
8923,1902
8206,1902
8207,1902
8208,1902
8209,1902
8210,1902
8211,1902
8212,1902
8213,1902
8214,1902
8215,1902
8216,1902
8217,1902
8218,1902
8219,1902
8220,1902
8221,1902
8222,1902
8223,1902
8224,1902
8225,1902
8226,1902
8227,1902
8228,1902
8229,1902
8230,1902
8231,1902
8232,1902
8233,1902
3898,1902
3902,1902
3903,1902
3904,1902
3907,1902
3908,1902
3909,1902
3910,1902
3911,1902
12885,1902
12886,1902
12887,1902
12888,1902
12889,1902
8196,1902
8197,1902
8198,1902
8199,1902
3877,1902
3878,1902
3880,1902
3881,1902
3883,1902
3884,1902
3885,1902
3886,1902
3887,1902
3888,1902
3892,1902
3893,1902
3897,1902
8968,1902
8969,1902
8970,1902
8971,1902
8972,1902
3901,1902
3905,1902
3879,1902
28950,1902
28954,1902
28955,1902
28957,1902
28958,1902
3844,1902
28961,1902
28963,1902
28964,1902
4070,1902
29763,1902
30298,1902
30299,1902
30300,1902
30301,1902
30302,1902
3808,1902
3814,1902
3815,1902
3891,1902
4062,1902
3858,1902
3812,1902
3918,1902
3923,1902
3925,1902
7689,1902
28951,1902
29765,1902
30278,1902
3867,1902
4071,1902
12892,1902
12893,1902
12894,1902
12895,1902
12896,1902
12890,1902
12891,1902
8234,1902
8235,1902
8236,1902
8237,1902
8238,1902
8239,1902
3912,1902
3913,1902
3914,1902
3915,1902
3916,1902
3917,1902
8240,1902
8241,1902
8242,1902
8200,1902
8201,1902
8202,1902
8203,1902
8204,1902
8205,1902
13319,1902
13320,1902
13321,1902
13322,1902
13323,1902
13324,1902
13325,1902
13326,1902
13327,1902
18920,1902
18921,1902
4047,1902
4052,1902
4055,1902
28936,1902
28937,1902
28938,1902
28940,1902
30520,1902
12857,1902
12955,1902
13083,1902
13198,1902
13296,1902
11417,1902
12814,1902
8041,1902
4019,1902
4021,1902
29740,1902
29766,1902
3900,1902
3922,1902
30528,1902
30529,1902
30530,1902
30531,1902
30532,1902
30533,1902
30534,1902
30535,1902
30536,1902
30537,1902
30539,1902
30540,1902
30541,1902
30544,1902
30527,1902
30526,1902
3816,1902
7688,1902
4074,1902
3811,1902
30331,1902
30332,1902
3845,1902
4063,1902
30333,1902
4072,1902
30334,1902
31607,1902
12873,1902
30521,1902
30522,1902
30523,1902
30524,1902
30525,1902
13328,1902
13329,1902
13330,1902
13331,1902
28941,1902
28942,1902
28944,1902
28946,1902
28947,1902
28948,1902
28949,1902
28952,1902
28953,1902
28956,1902
28960,1902
28962,1902
28965,1902
28966,1902
28967,1902
13332,1902
13333,1902
13284,1902
13285,1902
13286,1902
13287,1902
13288,1902
13289,1902
13290,1902
13291,1902
13292,1902
13293,1902
13295,1902
13297,1902
13298,1902
13299,1902
13301,1902
13302,1902
13303,1902
13304,1902
13305,1902
13306,1902
13307,1902
13308,1902
13309,1902
13310,1902
13311,1902
13312,1902
13313,1902
13314,1902
13315,1902
13316,1902
13317,1902
7916,1902
13265,1902
13266,1902
13267,1902
13268,1902
13269,1902
13270,1902
13271,1902
13272,1902
13273,1902
13274,1902
13275,1902
13276,1902
13277,1902
13278,1902
13279,1902
13281,1902
13282,1902
19583,1902
19584,1902
19585,1902
19586,1902
13259,1902
13260,1902
13261,1902
13263,1902
13264,1902
13258,1902
8823,1902
8824,1902
13262,1902
13280,1902
13300,1902
13318,1902
8806,1902
8807,1902
8808,1902
8809,1902
8810,1902
8811,1902
8812,1902
8813,1902
8814,1902
8815,1902
8816,1902
8817,1902
8818,1902
8819,1902
8820,1902
8821,1902
8822,1902
12833,1902
12852,1902
12946,1902
12965,1902
12984,1902
13003,1902
13103,1902
13122,1902
13142,1902
13160,1902
12880,1902
12881,1902
13008,1902
13009,1902
13010,1902
13011,1902
4061,1902
28970,1902
28971,1902
28972,1902
28973,1902
28974,1902
28975,1902
28976,1902
28977,1902
30330,1902
3870,1902
3842,1902
3860,1902
4059,1902
4060,1902
28969,1902
28925,1902
28929,1902
28930,1902
28932,1902
28933,1902
28934,1902
28935,1902
28922,1902
28924,1902
28926,1902
28927,1902
28928,1902
28919,1902
28920,1902
28921,1902
4046,1902
4038,1902
4042,1902
4043,1902
4044,1902
4045,1902
4056,1902
4058,1902
28916,1902
28917,1902
28918,1902
28968,1902
12872,1902
12918,1902
12969,1902
13026,1902
13072,1902
13120,1902
13170,1902
13192,1902
13239,1902
13294,1902
13283,1902
12836,1902
4098,1902
4099,1902
4100,1902
4102,1902
4103,1902
4037,1902
4039,1902
4041,1902
12994,1902
13191,1902
13193,1902
13194,1902
13034,1902
13035,1902
13036,1902
13037,1902
13038,1902
13039,1902
13040,1902
13041,1902
13042,1902
13043,1902
13044,1902
13045,1902
13046,1902
4023,1902
4025,1902
12960,1902
4028,1902
12961,1902
4030,1902
4031,1902
4033,1902
4035,1902
4036,1902
12882,1902
12883,1902
12884,1902
13012,1902
13013,1902
13014,1902
13015,1902
13016,1902
13017,1902
13018,1902
13019,1902
13020,1902
13021,1902
13022,1902
13023,1902
13024,1902
13025,1902
13027,1902
13028,1902
13029,1902
13030,1902
13031,1902
13032,1902
13033,1902
12878,1902
12879,1902
12999,1902
13000,1902
13001,1902
13002,1902
13004,1902
13005,1902
13006,1902
13007,1902
13164,1902
13165,1902
13166,1902
13209,1902
13210,1902
13211,1902
13212,1902
13213,1902
13214,1902
13215,1902
13216,1902
13217,1902
13218,1902
13219,1902
13220,1902
13221,1902
13222,1902
13223,1902
12995,1902
13195,1902
13196,1902
13197,1902
13199,1902
13200,1902
13201,1902
13202,1902
13203,1902
13204,1902
13205,1902
13206,1902
13207,1902
13208,1902
4048,1902
4050,1902
4054,1902
4057,1902
4064,1902
4066,1902
4073,1902
4075,1902
4076,1902
4081,1902
4082,1902
4083,1902
4084,1902
4085,1902
4086,1902
4087,1902
4088,1902
4089,1902
4091,1902
4092,1902
4093,1902
4094,1902
4095,1902
4097,1902
13246,1902
13247,1902
13248,1902
13249,1902
13250,1902
13251,1902
13252,1902
13253,1902
13254,1902
13255,1902
13256,1902
13257,1902
13174,1902
13175,1902
13176,1902
13177,1902
13178,1902
13179,1902
13180,1902
13181,1902
13182,1902
13183,1902
13184,1902
13185,1902
13186,1902
13187,1902
13188,1902
13189,1902
13190,1902
13234,1902
13235,1902
13047,1902
13048,1902
13049,1902
13167,1902
13168,1902
13169,1902
13171,1902
13172,1902
13173,1902
13224,1902
13225,1902
13226,1902
13227,1902
13228,1902
13229,1902
13230,1902
13231,1902
13232,1902
13233,1902
3835,1902
3838,1902
3839,1902
3840,1902
3841,1902
3843,1902
3846,1902
12996,1902
12997,1902
12998,1902
12987,1902
12988,1902
12989,1902
12990,1902
12991,1902
12992,1902
12993,1902
13117,1902
13118,1902
12876,1902
12877,1902
3865,1902
3871,1902
3874,1902
12860,1902
12861,1902
12862,1902
12863,1902
12865,1902
12866,1902
12867,1902
12868,1902
12869,1902
12870,1902
12871,1902
12874,1902
12875,1902
3848,1902
3851,1902
3853,1902
3854,1902
3855,1902
3856,1902
3857,1902
3859,1902
3863,1902
3864,1902
13236,1902
13237,1902
13238,1902
13240,1902
13241,1902
13242,1902
13243,1902
13244,1902
13245,1902
13086,1902
13087,1902
13088,1902
13089,1902
13090,1902
13091,1902
30329,1902
12853,1902
12854,1902
12855,1902
12856,1902
12858,1902
12859,1902
13070,1902
13071,1902
13073,1902
13074,1902
13075,1902
13076,1902
25508,1902
12845,1902
12846,1902
12847,1902
12848,1902
12849,1902
12850,1902
12851,1902
3818,1902
3820,1902
3821,1902
3822,1902
3823,1902
3824,1902
3827,1902
3829,1902
3830,1902
3831,1902
3832,1902
3833,1902
3834,1902
13058,1902
13059,1902
13060,1902
13061,1902
13062,1902
13063,1902
13064,1902
13065,1902
13066,1902
13067,1902
13068,1902
13069,1902
13119,1902
13121,1902
13123,1902
13124,1902
13125,1902
13126,1902
13127,1902
13128,1902
13129,1902
13130,1902
13131,1902
13132,1902
12979,1902
12980,1902
12981,1902
12982,1902
12983,1902
12985,1902
12986,1902
3809,1902
3810,1902
3813,1902
13112,1902
13113,1902
13114,1902
13115,1902
13116,1902
12963,1902
12964,1902
12966,1902
12967,1902
12968,1902
12970,1902
12971,1902
12972,1902
12973,1902
12974,1902
12975,1902
12976,1902
12977,1902
12978,1902
12962,1902
3866,1902
3862,1902
13092,1902
13093,1902
13094,1902
13095,1902
13096,1902
13097,1902
13098,1902
13099,1902
13100,1902
13101,1902
13102,1902
13104,1902
13105,1902
13106,1902
13107,1902
13108,1902
13109,1902
13110,1902
13111,1902
13077,1902
13078,1902
13079,1902
13080,1902
13081,1902
13082,1902
13084,1902
13085,1902
4104,1904
13334,1905
4107,1905
13337,1905
13336,1905
13335,1905
4110,1907
4112,1907
4113,1907
4114,1907
4116,1907
4117,1907
4118,1907
4119,1907
4121,1907
4124,1907
4126,1907
4122,1907
4109,1907
13338,1907
4127,1907
4120,1907
4123,1907
11728,1907
4111,1907
27780,1912
13340,1910
13339,1910
13342,1910
13344,1912
13343,1911
13341,1910
10541,1911
13346,1912
13345,1912
4130,1910
4133,1913
4135,1913
13348,1913
13349,1913
13347,1913
13360,1914
13359,1914
13352,1914
4146,1914
13371,1914
4145,1914
13355,1914
4148,1914
13362,1914
4147,1914
4153,1914
13350,1914
13351,1914
13353,1914
13354,1914
13356,1914
13357,1914
13361,1914
4152,1914
4151,1914
4141,1914
4140,1914
4139,1914
13363,1914
13364,1914
13365,1914
13366,1914
4156,1914
4155,1914
13367,1914
13368,1914
13369,1914
13358,1914
13370,1914
4159,1915
4160,1915
4161,1918
4163,1918
4162,1918
6741,2385
4165,1920
13374,1920
13373,1920
13372,1920
13375,1920
4166,1920
4170,1921
4171,1921
13380,1924
13381,1924
13382,1924
4176,1924
4177,1924
13378,1924
13383,1924
13377,1924
13379,1924
13384,1927
13386,1927
13387,1927
13388,1927
13391,1927
4183,1927
13385,1927
13389,1927
13390,1927
32249,5631
4189,1928
4190,1928
13393,1929
13392,1929
13395,1929
13400,1929
13397,1929
13394,1929
13398,1929
4196,1929
4195,1929
13401,1929
13396,1929
13399,1929
13402,1930
4200,1930
13403,1930
4201,1930
13409,1930
13408,1930
13407,1930
13406,1930
13404,1930
13405,1930
4205,1931
4206,1932
16523,1933
11729,3391
7927,1937
6795,1939
6796,1939
19391,1939
19389,1939
19392,1939
19386,1939
19390,1939
19388,1939
19387,1939
4208,1940
4207,1940
25348,5453
25349,5453
25347,5453
25353,5453
25352,5453
25351,5453
25350,5453
4209,1942
15627,1942
25866,4290
30360,5569
30363,5569
30362,5569
30361,5569
30364,5569
30365,5569
10543,1946
13411,1946
13410,1946
4266,1947
29758,1947
13416,1947
13435,1947
13453,1947
13412,1947
13413,1947
13414,1947
13415,1947
13417,1947
13418,1947
13419,1947
13420,1947
13421,1947
13422,1947
13424,1947
13425,1947
13426,1947
13427,1947
13428,1947
13429,1947
13430,1947
13431,1947
11341,1947
13432,1947
13433,1947
13434,1947
13436,1947
13437,1947
13438,1947
13439,1947
13440,1947
13442,1947
13443,1947
13444,1947
13445,1947
13446,1947
13447,1947
13448,1947
13449,1947
13450,1947
13451,1947
13452,1947
13454,1947
13455,1947
13456,1947
13457,1947
13458,1947
13459,1947
13460,1947
25855,1947
4210,1947
4211,1947
4212,1947
4213,1947
4259,1947
4260,1947
4261,1947
4262,1947
4263,1947
4264,1947
4265,1947
4267,1947
4235,1947
4248,1947
4251,1947
4252,1947
4254,1947
4255,1947
4256,1947
4257,1947
4258,1947
4214,1947
4215,1947
4216,1947
4217,1947
4218,1947
4219,1947
4220,1947
4221,1947
4222,1947
4223,1947
4224,1947
4225,1947
4226,1947
4227,1947
4231,1947
13441,1947
13463,1948
4273,1948
4283,1948
13461,1948
13462,1948
4268,1948
4269,1948
4270,1948
4271,1948
4272,1948
4284,1948
4274,1948
4275,1948
4277,1948
4278,1948
4279,1948
4280,1948
4281,1948
4282,1948
17520,1949
16212,1950
9826,1952
7702,1954
30358,1954
4458,1954
7426,1954
4326,1954
30478,1954
7700,1954
30479,1954
30480,1954
7705,1954
7730,1954
29157,1954
4537,1954
4307,1954
30477,1954
4495,1954
4492,1954
4416,1954
4417,1954
4429,1954
4527,1954
4298,1954
4567,1954
4382,1954
30314,1954
30316,1954
30318,1954
30319,1954
30325,1954
13500,1954
13493,1954
32401,1954
32405,1954
4327,1954
30481,1954
4345,1954
4334,1954
4355,1954
4510,1954
8270,1954
8272,1954
8269,1954
4549,1954
4555,1954
4558,1954
4562,1954
4532,1954
4534,1954
4535,1954
4545,1954
4547,1954
4548,1954
4395,1954
30306,1954
4379,1954
7882,1954
7883,1954
7885,1954
7793,1954
4487,1954
30350,1954
4306,1954
4302,1954
4314,1954
8274,1954
8276,1954
4373,1954
4551,1954
4354,1954
4351,1954
7696,1954
7724,1954
4566,1954
4317,1954
30474,1954
7721,1954
4528,1954
4500,1954
4415,1954
7884,1954
4421,1954
4424,1954
4432,1954
4434,1954
4296,1954
30475,1954
4289,1954
7707,1954
30476,1954
4418,1954
9771,1954
11447,1954
7715,1954
30495,1954
30496,1954
30313,1954
11448,1954
30320,1954
30321,1954
30322,1954
4503,1954
4499,1954
4530,1954
30324,1954
13468,1954
13489,1954
30326,1954
4308,1954
4305,1954
30497,1954
4349,1954
11453,1954
30498,1954
4290,1954
8976,1954
8977,1954
8978,1954
8979,1954
8980,1954
8981,1954
8982,1954
8983,1954
8985,1954
8986,1954
7726,1954
7728,1954
7729,1954
7985,1954
7986,1954
7987,1954
4571,1954
7984,1954
7718,1954
7719,1954
7720,1954
7723,1954
7725,1954
7697,1954
7698,1954
7699,1954
7701,1954
7703,1954
7704,1954
7706,1954
7708,1954
7709,1954
7712,1954
7713,1954
7714,1954
7716,1954
7717,1954
4370,1954
4563,1954
7711,1954
30310,1954
30311,1954
30312,1954
4393,1954
30347,1954
30348,1954
4303,1954
4285,1954
6752,1954
11450,1954
30307,1954
30308,1954
30309,1954
4348,1954
4330,1954
11452,1954
4313,1954
4516,1954
7722,1954
30315,1954
13484,1954
13477,1954
13475,1954
13466,1954
30351,1954
30352,1954
4397,1954
4297,1954
30359,1954
4310,1954
4564,1954
4565,1954
4318,1954
4356,1954
9000,1954
9001,1954
9002,1954
9005,1954
9006,1954
9007,1954
9008,1954
4570,1954
8987,1954
8989,1954
8990,1954
8991,1954
8992,1954
8993,1954
8994,1954
8995,1954
8996,1954
8997,1954
8998,1954
8974,1954
8975,1954
13485,1954
13486,1954
13490,1954
13491,1954
13492,1954
13494,1954
13495,1954
13496,1954
13464,1954
13465,1954
13469,1954
13470,1954
13472,1954
13473,1954
13474,1954
13476,1954
13478,1954
13479,1954
13480,1954
13481,1954
13482,1954
13483,1954
7957,1954
7958,1954
32403,1954
13499,1954
13471,1954
13467,1954
13509,1954
13505,1954
13512,1954
13510,1954
13501,1954
30328,1954
30353,1954
30354,1954
30355,1954
30356,1954
4299,1954
4328,1954
4291,1954
7731,1954
7710,1954
13497,1954
13498,1954
13502,1954
13503,1954
13504,1954
13506,1954
13507,1954
13508,1954
13511,1954
13513,1954
11669,1954
9770,1954
9772,1954
9773,1954
9774,1954
4505,1954
11446,1954
11449,1954
11451,1954
9566,1954
4513,1954
4515,1954
4295,1954
4300,1954
4301,1954
4304,1954
4309,1954
4311,1954
4315,1954
4322,1954
4323,1954
4452,1954
4469,1954
4471,1954
4477,1954
4480,1954
4484,1954
4441,1954
4442,1954
4529,1954
4531,1954
4286,1954
4287,1954
4288,1954
4292,1954
4293,1954
4294,1954
4425,1954
4427,1954
4428,1954
4431,1954
4433,1954
4435,1954
4383,1954
13487,1954
9954,1954
9955,1954
9956,1954
9957,1954
7914,1954
9221,1954
13488,1954
7989,1954
4404,1954
4405,1954
4406,1954
4407,1954
4408,1954
4409,1954
4410,1954
4411,1954
4412,1954
4413,1954
4414,1954
4419,1954
4420,1954
4422,1954
4423,1954
4369,1954
4371,1954
4372,1954
4374,1954
4321,1954
4517,1954
4518,1954
4521,1954
4524,1954
4525,1954
4554,1954
4540,1954
4337,1954
4338,1954
4339,1954
4340,1954
4341,1954
4342,1954
4343,1954
4344,1954
4346,1954
4350,1954
4352,1954
4353,1954
4357,1954
4359,1954
4361,1954
4316,1954
4320,1954
4329,1954
4331,1954
4332,1954
4333,1954
4335,1954
4336,1954
4485,1954
4489,1954
4491,1954
4494,1954
4496,1954
4497,1954
4498,1954
4501,1954
4506,1954
4507,1954
4508,1954
4509,1954
4511,1954
4512,1954
30345,1954
30346,1954
30349,1954
4561,1954
4556,1954
4569,1954
4519,1954
4539,1954
4526,1954
4523,1954
4514,1954
4560,1954
4362,1954
4363,1954
4366,1954
4367,1954
4368,1954
25580,1954
4559,1954
25856,1954
4557,1954
4365,1954
4538,1954
4375,1954
4360,1954
4376,1954
25520,1954
25521,1954
4377,1954
4378,1954
4380,1954
4384,1954
4385,1954
4387,1954
4389,1954
4390,1954
4391,1954
4394,1954
4396,1954
4398,1954
4399,1954
4400,1954
4401,1954
4402,1954
4403,1954
29546,1956
27811,1957
2983,1957
13522,1957
4576,1957
4572,1957
13531,1957
4585,1957
13525,1957
13517,1957
28504,1957
28505,1957
28506,1957
13530,1957
13529,1957
13528,1957
13527,1957
13526,1957
13524,1957
13523,1957
13521,1957
28507,1957
28508,1957
28660,5422
28661,5422
4593,1957
4573,1957
4577,1957
4578,1957
4584,1957
4587,1957
4579,1957
13514,1957
13515,1957
13516,1957
13518,1957
13519,1957
13520,1957
7017,2368
7016,2368
7015,2368
7013,2368
7012,2368
7020,2368
7019,2368
7018,2368
7022,2368
7021,2368
7014,2368
13543,1959
13544,1959
13545,1959
13614,1959
13615,1959
13616,1959
13618,1959
13619,1959
13620,1959
13621,1959
4639,1959
4624,1959
16485,1959
16486,1959
16487,1959
16482,1959
13540,1959
13586,1959
13634,1959
16489,1959
13599,1959
13636,1959
16479,1959
16488,1959
13617,1959
16483,1959
16490,1959
4640,1959
4644,1959
4647,1959
4648,1959
4654,1959
4655,1959
4656,1959
4657,1959
4658,1959
4660,1959
4661,1959
4662,1959
4663,1959
13643,1959
13644,1959
13645,1959
13646,1959
13592,1959
13593,1959
13594,1959
13595,1959
13596,1959
13597,1959
13598,1959
13600,1959
13601,1959
13602,1959
13603,1959
13604,1959
13606,1959
13607,1959
13608,1959
13609,1959
16480,1959
16481,1959
13548,1959
13549,1959
13551,1959
13552,1959
13553,1959
13554,1959
13555,1959
13556,1959
13557,1959
13559,1959
13560,1959
13561,1959
13562,1959
13564,1959
13565,1959
13566,1959
13567,1959
13568,1959
13569,1959
13571,1959
13572,1959
13573,1959
13574,1959
13575,1959
13576,1959
13577,1959
13647,1959
13649,1959
13650,1959
13652,1959
13546,1959
13547,1959
13532,1959
13533,1959
13534,1959
13535,1959
13536,1959
13537,1959
13538,1959
13539,1959
13541,1959
13542,1959
13651,1959
13558,1959
16484,1959
4659,1959
13570,1959
28664,1959
28665,1959
4651,1959
28663,1959
4596,1959
4598,1959
4600,1959
4604,1959
4608,1959
4612,1959
4613,1959
4615,1959
4616,1959
4619,1959
4634,1959
4621,1959
4625,1959
4626,1959
4627,1959
4629,1959
4636,1959
4638,1959
13610,1959
13611,1959
13612,1959
13613,1959
13628,1959
13648,1959
13563,1959
13578,1959
13579,1959
13580,1959
13581,1959
13582,1959
13583,1959
13584,1959
13585,1959
13587,1959
13588,1959
13589,1959
13590,1959
13591,1959
13622,1959
13623,1959
13624,1959
13625,1959
13626,1959
13629,1959
13630,1959
13631,1959
13632,1959
13633,1959
13635,1959
13637,1959
13638,1959
13639,1959
13640,1959
13641,1959
13642,1959
13653,1960
13654,1960
4667,1960
4665,1960
13655,1960
4668,1961
13656,1962
28670,1962
13657,1962
4669,1962
4672,1963
4670,1963
4671,1963
29547,1963
13681,1964
13683,1964
13684,1964
13685,1964
10208,1964
13668,1964
13670,1964
13671,1964
13672,1964
13673,1964
13674,1964
13675,1964
13676,1964
13677,1964
13679,1964
16189,1964
4724,1964
4722,1964
13678,1964
11273,1964
13669,1964
11641,1964
16190,1964
16191,1964
16193,1964
16194,1964
16195,1964
4736,1964
27749,1964
4694,1964
4690,1964
4677,1964
27748,1964
13691,1964
4707,1964
13682,1964
13686,1964
13680,1964
13658,1964
13659,1964
13660,1964
13661,1964
13662,1964
4705,1964
4708,1964
4709,1964
4714,1964
4715,1964
4720,1964
4725,1964
4726,1964
4728,1964
4731,1964
4735,1964
4737,1964
4738,1964
4689,1964
4691,1964
4692,1964
4693,1964
4673,1964
4674,1964
4675,1964
4676,1964
4678,1964
4679,1964
4680,1964
4681,1964
4683,1964
4685,1964
4687,1964
13687,1964
13688,1964
13689,1964
13664,1964
13665,1964
13666,1964
13667,1964
4739,1964
13663,1964
13693,1964
13690,1964
13692,1964
25830,5470
10795,3042
10796,3042
4741,1967
4742,1967
4740,1967
28433,5505
28434,5505
4746,1970
13695,1970
13694,1970
13696,1970
4745,1970
4744,1970
4748,1971
4749,1971
4747,1971
19393,1972
4752,1973
4753,1973
4754,1973
4751,1973
4755,1974
4756,1975
25421,1977
11129,1980
11128,1980
4762,1980
13697,1980
13698,1980
4763,1981
4764,1981
25534,1981
4822,1982
4823,1982
4812,1982
4770,1982
4767,1982
28159,1982
28160,1982
4793,1982
4790,1982
4785,1982
7792,1982
4814,1982
4780,1982
4765,1982
4766,1982
4768,1982
4769,1982
4771,1982
4772,1982
4773,1982
4774,1982
4778,1982
4779,1982
13700,1982
13701,1982
13702,1982
13703,1982
4791,1982
4792,1982
4795,1982
4796,1982
4802,1982
4803,1982
4804,1982
4805,1982
4806,1982
4808,1982
4809,1982
4817,1982
4821,1982
4781,1982
4782,1982
4783,1982
4784,1982
4786,1982
4787,1982
4789,1982
4788,1982
4807,1982
4818,1982
4775,1982
4776,1982
28161,1982
4777,1982
13699,1982
4798,1982
4810,1982
4820,1982
4813,1982
4816,1982
11131,1983
4836,1984
4833,1984
4830,1984
4829,1984
4828,1984
4827,1984
4826,1984
4825,1984
4834,1984
11130,1984
4835,1984
4831,1984
4824,1984
9984,2425
29932,2425
10498,2425
10497,2425
10496,2425
10495,2425
10494,3033
10493,2425
29548,1987
4838,1987
4840,1988
11415,3349
4841,1989
4843,1990
4842,1990
28163,5492
28164,5492
28165,5492
28166,5492
28167,5492
28168,5492
28162,1992
28173,1994
4845,1996
4850,1996
25859,1996
25860,1996
25861,1996
25862,1996
25863,1996
13704,1996
13705,1996
13706,1996
13707,1996
13708,1996
13709,1996
13710,1996
13711,1996
4849,1996
11639,1996
13714,1998
13713,1998
13746,1998
13744,1998
4894,1998
13723,1998
28435,1998
13747,1998
13753,1998
4876,1998
13758,1998
13754,1998
13724,1998
4870,1998
4851,1998
13751,1998
4877,1998
13722,1998
13727,1998
13717,1998
13718,1998
13719,1998
13720,1998
13721,1998
13725,1998
13712,1998
13715,1998
13716,1998
4888,1998
4893,1998
4856,1998
4860,1998
4864,1998
4886,1998
4852,1998
13726,1998
13728,1998
13729,1998
13749,1998
13750,1998
13752,1998
13755,1998
13756,1998
13757,1998
13759,1998
13760,1998
13735,1998
13736,1998
13737,1998
13738,1998
13739,1998
13740,1998
13741,1998
13742,1998
13743,1998
13745,1998
13748,1998
13730,1998
13731,1998
13732,1998
13733,1998
13734,1998
25851,3798
9953,2878
13929,2000
13930,2000
13931,2000
13933,2000
13902,2000
13904,2000
13906,2000
13907,2000
13908,2000
13909,2000
13910,2000
13912,2000
13913,2000
13914,2000
13915,2000
13916,2000
13917,2000
13918,2000
13921,2000
13923,2000
4969,2000
5014,2000
5041,2000
13793,2000
13876,2000
27781,2000
27782,2000
27783,2000
27784,2000
4980,2000
13824,2000
13932,2000
13812,2000
13799,2000
4900,2000
4906,2000
4905,2000
4909,2000
13920,2000
13972,2000
4999,2000
7791,2000
27809,2438
11342,2000
13815,2000
13816,2000
13817,2000
13818,2000
13819,2000
13820,2000
13821,2000
13823,2000
13825,2000
13826,2000
13827,2000
13828,2000
13830,2000
13831,2000
13832,2000
13834,2000
13836,2000
13879,2000
13963,2000
13965,2000
13966,2000
13967,2000
13968,2000
13969,2000
13970,2000
13934,2000
13935,2000
13936,2000
13937,2000
13938,2000
13939,2000
13941,2000
13942,2000
13943,2000
13944,2000
13945,2000
13946,2000
13948,2000
13951,2000
13952,2000
13953,2000
13954,2000
13955,2000
13956,2000
13957,2000
13958,2000
13959,2000
13960,2000
13961,2000
13962,2000
13924,2000
13925,2000
13926,2000
13927,2000
13928,2000
13844,2000
13845,2000
13846,2000
13847,2000
13848,2000
13849,2000
13850,2000
13851,2000
13853,2000
13854,2000
13855,2000
13856,2000
13857,2000
13858,2000
13859,2000
13860,2000
13861,2000
13862,2000
13863,2000
13864,2000
13865,2000
13866,2000
13867,2000
13868,2000
13869,2000
13870,2000
13871,2000
13872,2000
13873,2000
13874,2000
13875,2000
13880,2000
13881,2000
13883,2000
13884,2000
13885,2000
13886,2000
13887,2000
13888,2000
13889,2000
13890,2000
13891,2000
13892,2000
13893,2000
13894,2000
13895,2000
13896,2000
13897,2000
13899,2000
13837,2000
13971,2000
13974,2000
13975,2000
13976,2000
13977,2000
13978,2000
13979,2000
13980,2000
13905,2000
19465,2438
19466,2438
19467,2438
19468,2438
19469,2438
19463,2438
19464,2438
13947,2000
13964,2000
13765,2000
13788,2000
13807,2000
27794,2000
27795,2000
27796,2000
13829,2000
13940,2000
13764,2000
27785,2000
27786,2000
27787,2000
27788,2000
27789,2000
27790,2000
27791,2000
27792,2000
13900,2000
13901,2000
13838,2000
13840,2000
13841,2000
13843,2000
4921,2000
4903,2000
27808,2000
27793,2000
13882,2000
13903,2000
4965,2000
13852,2000
13898,2000
4962,2000
13919,2000
27802,2000
27803,2000
27797,2000
27798,2000
27799,2000
27800,2000
27801,2000
13835,2000
4941,2000
4974,2000
13783,2000
4984,2000
13822,2000
13911,2000
13877,2000
4988,2000
13878,2000
13922,2000
13973,2000
13777,2000
13833,2000
13842,2000
4944,2000
4946,2000
13780,2000
4901,2000
4902,2000
4904,2000
4908,2000
4910,2000
4911,2000
13776,2000
13778,2000
13775,2000
13950,2000
13949,2000
27804,2000
27805,2000
27806,2000
27807,2000
4907,2000
5044,2000
5045,2000
5046,2000
5047,2000
5048,2000
4995,2000
4997,2000
13779,2000
13767,2000
13768,2000
13769,2000
13770,2000
13771,2000
13772,2000
13773,2000
13774,2000
13789,2000
13790,2000
13791,2000
13792,2000
13794,2000
13795,2000
13796,2000
13797,2000
13798,2000
13800,2000
13801,2000
13802,2000
13803,2000
13804,2000
13805,2000
13806,2000
13808,2000
13809,2000
13810,2000
13811,2000
13813,2000
13814,2000
13781,2000
13782,2000
13784,2000
13785,2000
13786,2000
13787,2000
4912,2000
4913,2000
4914,2000
4915,2000
4916,2000
4917,2000
4918,2000
4919,2000
4922,2000
4925,2000
4928,2000
4929,2000
4943,2000
13761,2000
13762,2000
13763,2000
13766,2000
4982,2000
4987,2000
4989,2000
4990,2000
4991,2000
4993,2000
4950,2000
4952,2000
4955,2000
4957,2000
4959,2000
4960,2000
4961,2000
4966,2000
4973,2000
4978,2000
5004,2000
5005,2000
5011,2000
5018,2000
5024,2000
5026,2000
5028,2000
5030,2000
5033,2000
5034,2000
5035,2000
5036,2000
5037,2000
5038,2000
5039,2000
5040,2000
5042,2000
5043,2000
13994,2001
5062,2001
13988,2001
13989,2001
13996,2001
13991,2001
13992,2001
13993,2001
13995,2001
13997,2001
13998,2001
13999,2001
14002,2001
13981,2001
13982,2001
13983,2001
13985,2001
13986,2001
13987,2001
14000,2001
14001,2001
14004,2001
13984,2001
14003,2001
5055,2001
5056,2001
5059,2001
13990,2001
5066,2002
25424,2003
25425,2003
25426,2003
25427,2003
25428,2003
25422,2003
5067,2003
30277,2003
5095,2003
5070,2003
14012,2003
14008,2003
14005,2003
14006,2003
14007,2003
14009,2003
14010,2003
14011,2003
14013,2003
14014,2003
14015,2003
14016,2003
14017,2003
14018,2003
14019,2003
14020,2003
14021,2003
14023,2003
14024,2003
14025,2003
14022,2003
27812,2003
27813,2003
27814,2003
25423,2003
5089,2003
5094,2003
5096,2003
5068,2003
5069,2003
5098,2004
27816,2006
27817,2006
27818,2006
27819,2006
14027,2006
27815,2006
5109,2006
5107,2006
5101,2006
5100,2006
14035,2006
14034,2006
29744,2006
29745,2006
29743,2006
14026,2006
14028,2006
14029,2006
14030,2006
14031,2006
14032,2006
14033,2006
14037,2007
5110,2007
11681,2007
29549,2007
5112,2007
14038,2007
14036,2007
11274,3297
5118,2009
18970,2011
18971,2011
18972,2011
18969,2011
11412,2012
11414,2012
11413,2012
10106,2011
25429,2872
16154,3646
11416,3350
14039,2013
14043,2013
14041,2013
14042,2013
14044,2013
14040,2013
5127,2014
14082,2015
11343,2015
5163,2015
5164,2015
5165,2015
5150,2015
10507,2015
10508,2015
10509,2015
10506,2015
5131,2015
5133,2015
5134,2015
5136,2015
5137,2015
5138,2015
5145,2015
5128,2015
5129,2015
5130,2015
14045,2015
14046,2015
14047,2015
14048,2015
14049,2015
14050,2015
14052,2015
14053,2015
14054,2015
14055,2015
14056,2015
14057,2015
14058,2015
14059,2015
14060,2015
14062,2015
14063,2015
14064,2015
14065,2015
14066,2015
14067,2015
14068,2015
14069,2015
14070,2015
14071,2015
14072,2015
14073,2015
14074,2015
14075,2015
14076,2015
14077,2015
14078,2015
14079,2015
14080,2015
14081,2015
14083,2015
14084,2015
14085,2015
14086,2015
14087,2015
14088,2015
14089,2015
14051,2015
14061,2015
7649,2016
31414,2016
5169,2016
5170,2016
5171,2016
5172,2016
5180,2016
5175,2016
5176,2016
5177,2016
5178,2016
5179,2016
5173,2016
5166,2018
5168,2018
5167,2018
5181,2019
11348,3309
5182,2020
11086,2021
11085,2021
5184,2021
11083,2021
11082,2021
11081,2021
11080,2021
14091,2021
14090,2021
5187,2021
14092,2021
11078,2021
11079,2021
5186,2021
11084,2021
14124,2025
14109,2025
14110,2025
14100,2025
14118,2025
14108,2025
14103,2025
14105,2025
14106,2025
14107,2025
14117,2025
14123,2025
14122,2025
14121,2025
14120,2025
14119,2025
14116,2025
14115,2025
14114,2025
14113,2025
14112,2025
14111,2025
14099,2025
14101,2025
14098,2025
14097,2025
14096,2025
14095,2025
14093,2025
14102,2025
5213,2025
5205,2025
5195,2025
5194,2025
5189,2025
5217,2026
5218,2027
16183,2028
5219,2028
5220,2028
16342,2303
5222,2031
5223,2033
18967,2034
18968,2034
5239,2034
5242,2034
5243,2034
5224,2034
5225,2034
5226,2034
5227,2034
5228,2034
5229,2034
5230,2034
5234,2034
5237,2034
18965,2034
14125,2034
14126,2034
14127,2034
14128,2034
14129,2034
14130,2034
14131,2034
14132,2034
14133,2034
14134,2034
14136,2034
14137,2034
14138,2034
14139,2034
14135,2034
18966,2034
5241,2034
14148,2035
14147,2035
14150,2035
14151,2035
14152,2035
11344,2035
5267,2035
5245,2035
5265,2035
31433,2035
5254,2035
5244,2035
5246,2035
5247,2035
5248,2035
5249,2035
5250,2035
5251,2035
5252,2035
5255,2035
5256,2035
5257,2035
5258,2035
5259,2035
5260,2035
5261,2035
5263,2035
5264,2035
5268,2035
5270,2035
5271,2035
14140,2035
14141,2035
14142,2035
14143,2035
14144,2035
14145,2035
14146,2035
14149,2035
14157,2036
14158,2036
14160,2036
14161,2036
14162,2036
14163,2036
14164,2036
14165,2036
14166,2036
14167,2036
14168,2036
5273,2036
14159,2036
14153,2036
14154,2036
14155,2036
14156,2036
14175,2431
14173,2431
14174,2431
14172,2431
14171,2431
14181,2431
14176,2431
14177,2431
5291,2431
10247,2431
10246,2431
5285,2431
5284,2431
14178,2431
14182,2431
6798,2431
14180,2431
14169,2431
14170,2431
14179,2431
10248,2430
14191,2430
14192,2430
14190,2430
6797,2043
14189,2430
14184,2430
14185,2430
14186,2430
14187,2430
14188,2430
14183,2430
10251,2039
10250,2038
10249,2038
10253,2044
5293,2040
10252,2041
5294,2042
5295,2042
5299,2044
5298,2044
5297,2044
5296,2044
5300,2044
5301,2044
5302,2044
5303,2044
5304,2044
5306,2044
25857,2045
14193,2045
14194,2046
14216,2046
14196,2046
14197,2046
14198,2046
14199,2046
14201,2046
14202,2046
14203,2046
14204,2046
14205,2046
14206,2046
14207,2046
14209,2046
14210,2046
14211,2046
14212,2046
14213,2046
14214,2046
14215,2046
14217,2046
5311,2046
5314,2046
5315,2046
5316,2046
14208,2046
14200,2046
14195,2046
5317,2049
25680,2049
5318,2049
5319,2051
5320,2052
5321,2054
14218,2055
14245,2055
14220,2055
14221,2055
14222,2055
14223,2055
14224,2055
14225,2055
14226,2055
5338,2055
5339,2055
5340,2055
5341,2055
14236,2055
14232,2055
14227,2055
14228,2055
14229,2055
14230,2055
14231,2055
14233,2055
14234,2055
14235,2055
14237,2055
14238,2055
14239,2055
14240,2055
14241,2055
14242,2055
14243,2055
14244,2055
14219,2055
14260,2056
14261,2056
14282,2056
5345,2056
5347,2056
14257,2056
14265,2056
14255,2056
14273,2056
14269,2056
14270,2056
14271,2056
14272,2056
14274,2056
14275,2056
14276,2056
14277,2056
14278,2056
14279,2056
14280,2056
14281,2056
14262,2056
14263,2056
14264,2056
14266,2056
14267,2056
14268,2056
14246,2056
14247,2056
14248,2056
14249,2056
14250,2056
14251,2056
14252,2056
14253,2056
14254,2056
14256,2056
14258,2056
14259,2056
5351,2058
5350,2058
5352,2058
5358,2058
5355,2058
5356,2058
5353,2058
5354,2058
5357,2058
5359,2059
5362,2059
5360,2059
10500,2059
10503,2059
10501,2059
10502,2059
11152,3226
11153,3226
11345,2060
14317,2060
14330,2060
14331,2060
14332,2060
14333,2060
14334,2060
14335,2060
14336,2060
14337,2060
14338,2060
14339,2060
14288,2060
14289,2060
14290,2060
14291,2060
14293,2060
14294,2060
14295,2060
14296,2060
14297,2060
14298,2060
14299,2060
14300,2060
14301,2060
14302,2060
14303,2060
14305,2060
14306,2060
14307,2060
14308,2060
14309,2060
14310,2060
14311,2060
14312,2060
14313,2060
14314,2060
14315,2060
14316,2060
14318,2060
14319,2060
14320,2060
14321,2060
14322,2060
14323,2060
14324,2060
14325,2060
14326,2060
14327,2060
14328,2060
14283,2060
14284,2060
14285,2060
14286,2060
14287,2060
5380,2060
5374,2060
5384,2060
5385,2060
5363,2060
5364,2060
5365,2060
5366,2060
5367,2060
5368,2060
14329,2060
14292,2060
14304,2060
14340,2060
14341,2060
14342,2060
5388,2061
14368,2061
5395,2061
5397,2061
5398,2061
5399,2061
5391,2061
14367,2061
14366,2061
14357,2061
14364,2061
14343,2061
14344,2061
14345,2061
14346,2061
14347,2061
14348,2061
14349,2061
14350,2061
14351,2061
14352,2061
14353,2061
14354,2061
14355,2061
14356,2061
14358,2061
14359,2061
14360,2061
14361,2061
14362,2061
14363,2061
14365,2061
14370,3506
14369,3506
5400,2062
10254,2063
5402,2064
5401,2064
5404,2064
14375,2065
14371,2065
14372,2065
14374,2065
14373,2065
5409,2067
14376,2067
5408,2067
14384,2068
14385,2068
14386,2068
14387,2068
14388,2068
14389,2068
14391,2068
14392,2068
14393,2068
14394,2068
14395,2068
14396,2068
14397,2068
14398,2068
14399,2068
14400,2068
7904,2068
14377,2068
14378,2068
14379,2068
14380,2068
14381,2068
14382,2068
14401,2068
14383,2068
5421,2068
5420,2068
5418,2068
5415,2068
5414,2068
5413,2068
5412,2068
5411,2068
5410,2068
14390,2068
5422,2069
5423,2069
25249,2072
9959,2879
25250,2879
25252,2879
9958,2879
25251,2879
7479,2567
16313,2567
16315,2567
16123,2567
16314,2567
5439,2075
14416,2075
5441,2075
5442,2075
14417,2075
14420,2075
14421,2075
14422,2075
14423,2075
14424,2075
14425,2075
14426,2075
14427,2075
14428,2075
14429,2075
14430,2075
7790,2075
5434,2075
5438,2075
5426,2075
5427,2075
5428,2075
14431,2075
14419,2075
7990,2075
14402,2075
14403,2075
14404,2075
14405,2075
14406,2075
14407,2075
14408,2075
14409,2075
14410,2075
14411,2075
14412,2075
14413,2075
14414,2075
14415,2075
5440,2075
14432,2076
14439,2076
14434,2076
14435,2076
14436,2076
14437,2076
14438,2076
14440,2076
14441,2076
14442,2076
5448,2076
31584,2076
5447,2076
31422,2076
31421,2076
14433,2076
5468,2079
14455,2079
5466,2079
5467,2079
5469,2079
14443,2079
14444,2079
14445,2079
14446,2079
14447,2079
14448,2079
14449,2079
14450,2079
14451,2079
14452,2079
14453,2079
14454,2079
14456,2079
14457,2079
14458,2079
14459,2079
14460,2079
14463,2079
14461,2079
14462,2079
7739,2079
7740,2079
5462,2079
7892,2080
5482,2080
5483,2080
5484,2080
5485,2080
5487,2080
5488,2080
5489,2080
5490,2080
5491,2080
5492,2080
5493,2080
5494,2080
5495,2080
5496,2080
5497,2080
5498,2080
5499,2080
5500,2080
5501,2080
5502,2080
5503,2080
5470,2080
5471,2080
5472,2080
5473,2080
5474,2080
5475,2080
5476,2080
5477,2080
5478,2080
5479,2080
5480,2080
14483,2080
7879,2080
9985,2080
5531,2080
5532,2080
5533,2080
5534,2080
5535,2080
5510,2080
5513,2080
5521,2080
5522,2080
5525,2080
5526,2080
5527,2080
5528,2080
5529,2080
5530,2080
7913,2080
10657,2080
5481,2080
14464,2080
14465,2080
14466,2080
14467,2080
14468,2080
14469,2080
14470,2080
14471,2080
14472,2080
14473,2080
14474,2080
14475,2080
14476,2080
14477,2080
14478,2080
14479,2080
14480,2080
14481,2080
14482,2080
14484,2080
14485,2080
11346,2080
16312,2081
5537,2081
5538,2081
10880,2083
7609,2083
5542,2083
5545,2083
5544,2083
5543,2083
5541,2083
5540,2083
5539,2083
16316,2083
10883,2083
10882,2083
10881,2083
7608,2083
10884,2083
14486,2084
5548,2084
5549,2084
5547,2084
25255,2084
16311,2085
31435,2060
18947,2086
5556,2086
5558,2086
5559,2086
5561,2086
16365,2086
14488,2086
5555,2086
18953,2086
18952,2086
18951,2086
18950,2086
18949,2086
18948,2086
18958,2086
18957,2086
16366,2086
18956,2086
18955,2086
18954,2086
16367,2086
18946,2086
18945,2086
14491,2086
14490,2086
5560,2086
14487,2086
14489,2086
5563,2088
5562,2088
5568,2089
5564,2089
5565,2089
10255,2568
5566,2089
5569,2089
5567,2089
5571,2090
5572,2090
5574,2090
5573,2090
5577,2091
5578,2091
5579,2091
5580,2091
5581,2091
5576,2091
5575,2091
5592,2091
5583,2091
5584,2091
5585,2091
5586,2091
5587,2091
5588,2091
5589,2091
5590,2091
5582,2091
5591,2091
7928,2091
25239,2092
5599,2092
5595,2092
5598,2092
5597,2092
5600,2092
25237,2092
25236,2092
25235,2092
25238,2092
25234,2092
5602,2092
5601,2092
5594,2092
5596,2092
25256,2094
5604,2095
5603,2095
14492,2096
14493,2096
14494,2096
14502,2096
14505,2096
14504,2096
14495,2096
14501,2096
14500,2096
14499,2096
14498,2096
14497,2096
14496,2096
14503,2096
7482,2569
7481,2569
7480,2097
14506,2097
7487,2101
7486,2099
7489,2101
7490,2101
7491,2101
7494,2101
7496,2101
7498,2101
14512,2101
14511,2101
14510,2101
14509,2101
14508,2101
14507,2101
7492,2101
7483,2099
7484,2099
7485,2099
7488,2101
5642,2103
14522,2103
14521,2103
14519,2103
14516,2103
14515,2103
14514,2103
14513,2103
14520,2103
14518,2103
14517,2103
7503,2103
7502,2103
7501,2103
7500,2103
7506,2103
7505,2103
5638,2103
5632,2103
7504,2103
14546,2105
14547,2105
14548,2105
14549,2105
14550,2105
5653,2105
5659,2105
25257,2105
14525,2105
14542,2105
14523,2105
14524,2105
14526,2105
14527,2105
14528,2105
14529,2105
14530,2105
14531,2105
14532,2105
14533,2105
14534,2105
14535,2105
14536,2105
14537,2105
14539,2105
14540,2105
14538,2105
14541,2105
14543,2105
14544,2105
14545,2105
16341,2106
16345,2107
16346,2107
10006,2107
16344,2107
16347,2107
10007,2913
10008,2913
14551,2108
16343,4277
28683,5513
5667,2109
14560,2110
14558,2110
14555,2110
14556,2110
14553,2110
5671,2110
14557,2110
14559,2110
14561,2110
14562,2110
14552,2110
7789,2111
5678,2111
5681,2112
5680,2112
5679,2112
10011,2113
10010,2113
10009,2113
10014,2915
5683,2115
5684,2118
7912,2390
5685,2119
5686,2119
19398,2120
19396,2120
7995,2120
19397,2120
19395,2120
7996,2120
25259,2121
31053,2122
5689,2122
5690,2122
5691,2122
5695,2122
5697,2122
5698,2122
14579,2122
14587,2122
9765,2122
9766,2122
9768,2122
14588,2122
14589,2122
14590,2122
14591,2122
14592,2122
9746,2122
9747,2122
9748,2122
9749,2122
9750,2122
9751,2122
9752,2122
9753,2122
14577,2122
14578,2122
14580,2122
14581,2122
14582,2122
14583,2122
14584,2122
14585,2122
14586,2122
11154,2122
9742,2122
9743,2122
9744,2122
9745,2122
14563,2122
14564,2122
14565,2122
14566,2122
14567,2122
14568,2122
14569,2122
14570,2122
14571,2122
14572,2122
14573,2122
14574,2122
14575,2122
14576,2122
17482,4259
14593,2123
14598,2123
14596,2123
14594,2123
14595,2123
14597,2123
10383,3018
10384,3018
5724,2124
14599,2124
14600,2124
14601,2124
14602,2124
14603,2124
14604,2124
14605,2124
14606,2124
14607,2124
14608,2124
14609,2124
14610,2124
14611,2124
14612,2124
14613,2124
5728,2125
5729,2125
14626,2125
14625,2125
14624,2125
14623,2125
14622,2125
14621,2125
5730,2125
5731,2125
5733,2125
14616,2125
14614,2125
14615,2125
14617,2125
14618,2125
14619,2125
10710,2125
10713,2125
10715,2125
10720,2125
14627,2125
14628,2125
14629,2125
14630,2125
14631,2125
14632,2125
14633,2125
14634,2125
14635,2125
14636,2125
14637,2125
14638,2125
14620,2125
10018,2916
16089,2916
10016,2916
10017,2916
10020,2916
10019,2916
10015,2916
5753,2126
5754,2126
14653,2126
14652,2126
14651,2126
14650,2126
14649,2126
14647,2126
14646,2126
14645,2126
14644,2126
14643,2126
14642,2126
14641,2126
14640,2126
14639,2126
14661,2126
14660,2126
14659,2126
14658,2126
5739,2126
5745,2126
5746,2126
5750,2126
14654,2126
14655,2126
14656,2126
14657,2126
30290,2128
30291,2128
10022,2128
10021,2128
16111,2129
16110,2129
16108,2129
16107,2129
16112,2129
16113,2129
16114,2129
16115,2129
16109,2129
5757,2130
11155,2131
5758,2131
11156,2131
10004,2131
5759,2132
7539,2589
5773,2135
5765,2135
5767,2135
14689,2135
14687,2135
14686,2135
14685,2135
14683,2135
14682,2135
14679,2135
14678,2135
14677,2135
14676,2135
14675,2135
14674,2135
14673,2135
14672,2135
14671,2135
14670,2135
14669,2135
14667,2135
14665,2135
14664,2135
14663,2135
14662,2135
14690,2135
14688,2135
14684,2135
14681,2135
14668,2135
14666,2135
14693,2136
5778,2136
14699,2136
14710,2136
14709,2136
14708,2136
14707,2136
14706,2136
14705,2136
14704,2136
14703,2136
14702,2136
14701,2136
14700,2136
14691,2136
5780,2136
14694,2136
14695,2136
14696,2136
14692,2136
14698,2136
14697,2136
5784,2137
5785,2137
5782,2137
5783,2137
14711,2139
10024,2917
5787,2140
7543,2141
7544,2141
7542,2141
7540,2141
14737,2142
14753,2142
14754,2142
14756,2142
14757,2142
14758,2142
14759,2142
14760,2142
14761,2142
14762,2142
14763,2142
14764,2142
14766,2142
14767,2142
14768,2142
14769,2142
14770,2142
14771,2142
14772,2142
14773,2142
14774,2142
14775,2142
14777,2142
14778,2142
14779,2142
14780,2142
14781,2142
14782,2142
14783,2142
14784,2142
14785,2142
14786,2142
14787,2142
14788,2142
14789,2142
14790,2142
14791,2142
14792,2142
14793,2142
14794,2142
14795,2142
14796,2142
14797,2142
14798,2142
14799,2142
14800,2142
14801,2142
14802,2142
14803,2142
14804,2142
14805,2142
14806,2142
14807,2142
14808,2142
14809,2142
14810,2142
14811,2142
14812,2142
14813,2142
14814,2142
14815,2142
14816,2142
14817,2142
14818,2142
14819,2142
14820,2142
14821,2142
14822,2142
14824,2142
14831,2142
14712,2142
14713,2142
14714,2142
14715,2142
14718,2142
14719,2142
14720,2142
14721,2142
14722,2142
14723,2142
14724,2142
14725,2142
14727,2142
7547,2142
7548,2142
7549,2142
7550,2142
7551,2142
7552,2142
14728,2142
14729,2142
14731,2142
14732,2142
14733,2142
14734,2142
14736,2142
14738,2142
14739,2142
14740,2142
14741,2142
14742,2142
14743,2142
14744,2142
14745,2142
14746,2142
14747,2142
14748,2142
14749,2142
14750,2142
14751,2142
14752,2142
14825,2142
14826,2142
14827,2142
14828,2142
14829,2142
14830,2142
14832,2142
14833,2142
14834,2142
14835,2142
14836,2142
14837,2142
14838,2142
14839,2142
14840,2142
14841,2142
14842,2142
14843,2142
14844,2142
14845,2142
14846,2142
14847,2142
14848,2142
14849,2142
14850,2142
14851,2142
14852,2142
14853,2142
14854,2142
14855,2142
14856,2142
14857,2142
14858,2142
14859,2142
14860,2142
14861,2142
14862,2142
14863,2142
14864,2142
14866,2142
14867,2142
14868,2142
14869,2142
14870,2142
14871,2142
14872,2142
14874,2142
14875,2142
14876,2142
14877,2142
14878,2142
14879,2142
14880,2142
14881,2142
14882,2142
14883,2142
14884,2142
14885,2142
14886,2142
14887,2142
14888,2142
14889,2142
14890,2142
14891,2142
14892,2142
14894,2142
14895,2142
14896,2142
14897,2142
14898,2142
14899,2142
14900,2142
14901,2142
14902,2142
14903,2142
14904,2142
14905,2142
14906,2142
14907,2142
14908,2142
14909,2142
14910,2142
14912,2142
14913,2142
14914,2142
14915,2142
14916,2142
14917,2142
14918,2142
14919,2142
14920,2142
14726,2142
14717,2142
14765,2142
14823,2142
14873,2142
14921,2142
14865,2142
14730,2142
5801,2142
19587,2142
14716,2142
14735,2142
14755,2142
14776,2142
14893,2142
14911,2142
5799,2142
5791,2142
5794,2142
5795,2142
5802,2142
7553,2144
14932,2145
14929,2145
14930,2145
14931,2145
14933,2145
14934,2145
14935,2145
14936,2145
14937,2145
14938,2145
14939,2145
14926,2145
14942,2145
14943,2145
14944,2145
14945,2145
14946,2145
14947,2145
14927,2145
14928,2145
14940,2145
14922,2145
14923,2145
14924,2145
14925,2145
5803,2145
14941,2145
7554,2146
7557,2147
10145,2148
17483,4248
5817,2149
7559,2150
7558,2150
32409,2150
7560,2152
14950,2153
14948,2153
14949,2153
14951,2154
14952,2154
14953,2154
14959,2154
14955,2154
14954,2154
14958,2154
14957,2154
14956,2154
14962,2155
5820,2155
14964,2155
14963,2155
14960,2155
14961,2155
14971,2156
14970,2156
14969,2156
14968,2156
14967,2156
14966,2156
14965,2156
14974,2156
14973,2156
14972,2156
5825,2156
5823,2156
7563,2157
7564,2157
10807,2158
14985,2158
28422,2158
28423,2158
7569,2158
7570,2158
7571,2158
7572,2158
7565,2158
7566,2158
7567,2158
7568,2158
5826,2158
5832,2158
5833,2158
5834,2158
5835,2158
5836,2158
5837,2158
5839,2158
5840,2158
5843,2158
5844,2158
5845,2158
5846,2158
28420,2158
14984,2158
5827,2158
5828,2158
5829,2158
5830,2158
10809,2158
10806,2158
28421,2158
14986,2158
14987,2158
14988,2158
14989,2158
14990,2158
14991,2158
14992,2158
14993,2158
14994,2158
14995,2158
7578,2158
14975,2158
14976,2158
14977,2158
14978,2158
14979,2158
14980,2158
14981,2158
14982,2158
14983,2158
5848,2159
7579,2160
16185,2161
5849,2161
5850,2162
5868,2162
5851,2162
5852,2162
5853,2162
5854,2162
5855,2162
5856,2162
5858,2162
5859,2162
5860,2162
5861,2162
5862,2162
5863,2162
5864,2162
5865,2162
5866,2162
5867,2162
5870,2163
7580,2163
15012,2164
15013,2164
5889,2164
15010,2164
15017,2164
11640,2164
5878,2164
7581,2164
7582,2164
7583,2164
7584,2164
7585,2164
7586,2164
5882,2164
5883,2164
5884,2164
5885,2164
5886,2164
5887,2164
5888,2164
5890,2164
5893,2164
5899,2164
5900,2164
5901,2164
5902,2164
5903,2164
5904,2164
5905,2164
5906,2164
5907,2164
5908,2164
5871,2164
5872,2164
5873,2164
5875,2164
5876,2164
5877,2164
5879,2164
5880,2164
5881,2164
15014,2164
15015,2164
15016,2164
15018,2164
15019,2164
15020,2164
15021,2164
15022,2164
15006,2164
11275,2164
11276,2164
14996,2164
14997,2164
14998,2164
14999,2164
15000,2164
15001,2164
15002,2164
15003,2164
15004,2164
15005,2164
15007,2164
15008,2164
15009,2164
15011,2164
5910,2166
5911,2166
5912,2166
5913,2166
5914,2166
5916,2166
5918,2166
5917,2166
15024,3507
15023,3507
15025,3507
5921,2167
5920,2167
5919,2167
7587,2168
17484,4237
5925,2169
5924,2169
11626,2169
11625,2169
5922,2169
5923,2169
5926,2170
7589,2171
7590,2171
7588,2171
28684,5514
10126,2172
10127,2173
11644,2174
5927,2174
5928,2175
5929,2176
7591,2176
5930,2177
5936,2179
5934,2179
7843,2179
7844,2179
5933,2179
5932,2179
5937,2179
5938,2179
7387,2179
5935,2179
5939,2180
5942,2181
5943,2181
7847,2181
5941,2181
7846,2181
7786,2181
7845,2181
11538,2181
7592,2591
7964,2688
7519,2182
5945,2182
5946,2183
5948,2184
5947,2184
5950,2185
5949,2185
5952,2186
5951,2186
5953,2186
5954,2187
5955,2187
5956,2188
5957,2188
5958,2188
15027,2189
7594,2189
10026,2919
7593,2189
15026,2189
15032,2190
15033,2190
15034,2190
15035,2190
15036,2190
15037,2190
15028,2190
15039,2190
5960,2369
15031,2190
15030,2190
15029,2190
15038,2190
15040,2191
7601,2192
7602,2192
5966,2194
5968,2194
5971,2194
5974,2194
5975,2194
5976,2194
5965,2194
5962,2194
10094,2194
5961,2194
7603,2194
11627,2194
15060,2194
15045,2194
15062,2194
15061,2194
15059,2194
15041,2194
15042,2194
15043,2194
15044,2194
15046,2194
15047,2194
15048,2194
15049,2194
15050,2194
15051,2194
15052,2194
15053,2194
15054,2194
15055,2194
15056,2194
15057,2194
15058,2194
17485,2195
7606,2196
15065,2196
15063,2196
15064,2196
7607,2197
15067,2198
15066,2198
10031,2920
5980,2199
7610,2200
5982,2201
5981,2201
5988,2202
5987,2202
5984,2202
5983,2202
7973,2202
6750,2202
6749,2202
6746,2202
6745,2202
7983,2202
7965,2202
7982,2202
7978,2202
7966,2202
7967,2202
7968,2202
7970,2202
7971,2202
7974,2202
7975,2202
7977,2202
10032,2203
5989,2205
5990,2205
15070,2206
15069,2206
15068,2206
16188,2206
16186,2206
16187,2206
7611,2207
31943,2207
31945,2207
31942,2207
31944,2207
9510,2208
5995,2208
5996,2208
5997,2208
5998,2208
6000,2208
5994,2208
6002,2208
6003,2208
6004,2208
5991,2208
5992,2208
5993,2208
6001,2208
25460,2209
25461,2209
6005,2210
7023,2462
7024,2462
7025,2462
9020,2462
15071,2211
15072,2211
15073,2211
15074,2211
6026,2213
6028,2213
6029,2213
6030,2213
6031,2213
6032,2213
6033,2213
6035,2213
27540,2213
27541,2213
27542,2213
6753,2213
27544,2213
11319,2213
11628,2213
11629,2213
27572,2213
27573,2213
27574,2213
27575,2213
27576,2213
27577,2213
27578,2213
27579,2213
27580,2213
27581,2213
27561,2213
27562,2213
27563,2213
27564,2213
27565,2213
27566,2213
27567,2213
27568,2213
27569,2213
27570,2213
27571,2213
7612,2213
31048,2213
6034,2213
27545,2213
27546,2213
27547,2213
27548,2213
27549,2213
27550,2213
27551,2213
27552,2213
27553,2213
27554,2213
27555,2213
27556,2213
27557,2213
27558,2213
27559,2213
27560,2213
6039,2213
6040,2213
25514,2213
6038,2213
6036,2213
6010,2213
6011,2213
6012,2213
6013,2213
6014,2213
6015,2213
6017,2213
6019,2213
6021,2213
6022,2213
6024,2213
26793,2214
26826,2214
6054,2214
26763,2214
7613,2214
7614,2214
7615,2214
7616,2214
11157,2214
26828,2214
26829,2214
26830,2214
26807,2214
26808,2214
26810,2214
26811,2214
26812,2214
26813,2214
26814,2214
26815,2214
26816,2214
26817,2214
26818,2214
26819,2214
26820,2214
26821,2214
26822,2214
26823,2214
26824,2214
26825,2214
26806,2214
18961,2214
18962,2214
6041,2214
26827,2214
6046,2214
26809,2214
11158,2214
26771,2214
26768,2214
26769,2214
26770,2214
26772,2214
26773,2214
26774,2214
26775,2214
26776,2214
26777,2214
26778,2214
26779,2214
26780,2214
26781,2214
26782,2214
26783,2214
26784,2214
26785,2214
26786,2214
26787,2214
26788,2214
26789,2214
26790,2214
26791,2214
26792,2214
26794,2214
26795,2214
26796,2214
26797,2214
26798,2214
26799,2214
26800,2214
26801,2214
26764,2214
26765,2214
26766,2214
26767,2214
26802,2214
26803,2214
26804,2214
26805,2214
6042,2214
6043,2214
6044,2214
6045,2214
6047,2214
6048,2214
6050,2214
6052,2214
6053,2214
6055,2214
6056,2214
6057,2214
6058,2214
26744,2214
26745,2214
26746,2214
26747,2214
26748,2214
26749,2214
26750,2214
26751,2214
26752,2214
26753,2214
26754,2214
26755,2214
26756,2214
26757,2214
26758,2214
26759,2214
26760,2214
26761,2214
26762,2214
7617,2215
31978,5602
7618,2218
6061,2218
6062,2218
6063,2218
6064,2218
11303,2218
28685,5515
15191,2219
15193,2219
15194,2219
15195,2219
15196,2219
15197,2219
15198,2219
15199,2219
15200,2219
6070,2219
6078,2219
6080,2219
6081,2219
15175,2219
6105,2219
6106,2219
6113,2219
6114,2219
15172,2219
15166,2219
6069,2219
15079,2219
11356,2219
15076,2219
15077,2219
15078,2219
15080,2219
15081,2219
15082,2219
15083,2219
15085,2219
15086,2219
15087,2219
15084,2219
15192,2219
11355,2219
11360,2219
19589,2219
19590,2219
19591,2219
15094,2219
15095,2219
15096,2219
15097,2219
15098,2219
15099,2219
15100,2219
15101,2219
15102,2219
15103,2219
15104,2219
15105,2219
15106,2219
15107,2219
15108,2219
15109,2219
15110,2219
15111,2219
15112,2219
15113,2219
15114,2219
15115,2219
15116,2219
15117,2219
15138,2219
15139,2219
15141,2219
15142,2219
15143,2219
15144,2219
15145,2219
15146,2219
15147,2219
15148,2219
15149,2219
15150,2219
15151,2219
15152,2219
15153,2219
15154,2219
15155,2219
15156,2219
15157,2219
15158,2219
15159,2219
15160,2219
15161,2219
15162,2219
15163,2219
15164,2219
15167,2219
15168,2219
15169,2219
15170,2219
15171,2219
15183,2219
15185,2219
15140,2219
15075,2219
15121,2219
15165,2219
15118,2219
15119,2219
15120,2219
15122,2219
15123,2219
15124,2219
15125,2219
15126,2219
15127,2219
15128,2219
15129,2219
15130,2219
15131,2219
15132,2219
15133,2219
15134,2219
15136,2219
15137,2219
15135,2219
19588,2219
15088,2219
15089,2219
15090,2219
15091,2219
15092,2219
15093,2219
15190,2219
11547,2219
31429,2219
31430,2219
31431,2219
31426,2219
31427,2219
31428,2219
27582,2219
27583,2219
27584,2219
27585,2219
27586,2219
27587,2219
27588,2219
27589,2219
27590,2219
27591,2219
27592,2219
27593,2219
27594,2219
27595,2219
27596,2219
27597,2219
27598,2219
27599,2219
27600,2219
27601,2219
27602,2219
27603,2219
27604,2219
27605,2219
27606,2219
27607,2219
27608,2219
27618,2219
27619,2219
27620,2219
27621,2219
27622,2219
27623,2219
27624,2219
27625,2219
27626,2219
27627,2219
27628,2219
27629,2219
27630,2219
27631,2219
27632,2219
27633,2219
15173,2219
15174,2219
15176,2219
15177,2219
15178,2219
15179,2219
15180,2219
15181,2219
15182,2219
15184,2219
15186,2219
15187,2219
15188,2219
15189,2219
15201,2220
11545,2221
6126,2221
6127,2221
6128,2221
6129,2221
15215,2221
15216,2221
15217,2221
15218,2221
15219,2221
15220,2221
11645,2221
15213,2221
10087,2221
10088,2221
10089,2221
11539,2221
11544,2221
11546,2221
11630,2221
11631,2221
15221,2221
15222,2221
15223,2221
15224,2221
15225,2221
15226,2221
15228,2221
15229,2221
15230,2221
15231,2221
15232,2221
15233,2221
15234,2221
15235,2221
15203,2221
15204,2221
15205,2221
15206,2221
15207,2221
15208,2221
15210,2221
15211,2221
15212,2221
15214,2221
15209,2221
15227,2221
11304,2221
6130,2222
18943,5405
6137,2224
6135,2224
6134,2224
15236,2226
15238,2226
15237,2226
17486,4249
25829,5428
26478,2227
26479,2227
26480,2227
26481,2227
26482,2227
26483,2227
26484,2227
26485,2227
26486,2227
26487,2227
26488,2227
26489,2227
26490,2227
26491,2227
26492,2227
26493,2227
26494,2227
26495,2227
26497,2227
26498,2227
26499,2227
26501,2227
26502,2227
26503,2227
26504,2227
26505,2227
26506,2227
26507,2227
26508,2227
26509,2227
26510,2227
26512,2227
26513,2227
26514,2227
26515,2227
26516,2227
26517,2227
26518,2227
26519,2227
26520,2227
26521,2227
26548,2227
26549,2227
26552,2227
7624,2227
26496,2227
26500,2227
26470,2227
26471,2227
26472,2227
26473,2227
26474,2227
26475,2227
26476,2227
26477,2227
26522,2227
26523,2227
26524,2227
26525,2227
26526,2227
26527,2227
26528,2227
26529,2227
26530,2227
26531,2227
10932,2227
7623,2227
7622,2227
10931,2227
10933,2227
10934,2227
7626,2227
26511,2227
7621,2227
7627,2592
7628,2593
6148,2228
7630,2229
11634,2230
11635,2230
15239,2230
15240,2230
15241,2230
15242,2230
15243,2230
15245,2230
15246,2230
15247,2230
15248,2230
15249,2230
15250,2230
15251,2230
15252,2230
15253,2230
15254,2230
15255,2230
15256,2230
15257,2230
15258,2230
15259,2230
15260,2230
15261,2230
15262,2230
15263,2230
15264,2230
15265,2230
15266,2230
15267,2230
15268,2230
15269,2230
15270,2230
15271,2230
15272,2230
15273,2230
15274,2230
15275,2230
15277,2230
11421,2230
11424,2230
11425,2230
11426,2230
11427,2230
11428,2230
11429,2230
11430,2230
11431,2230
15276,2230
15280,2230
15281,2230
15282,2230
15283,2230
15284,2230
15285,2230
6200,2230
6201,2230
6202,2230
6203,2230
6204,2230
6206,2230
32148,2230
26654,2230
26655,2230
11281,2230
11282,2230
15279,2230
11418,2230
11432,2230
11433,2230
11434,2230
11423,2230
15278,2230
11435,2230
6207,2230
6208,2230
6209,2230
6210,2230
6211,2230
6212,2230
6213,2230
6214,2230
6215,2230
32149,2230
32150,2230
32146,2230
32147,2230
6216,2230
6217,2230
6192,2230
6172,2230
6173,2230
6174,2230
6175,2230
6176,2230
6177,2230
6178,2230
6179,2230
6180,2230
6182,2230
6183,2230
6184,2230
6185,2230
6186,2230
6187,2230
6188,2230
6189,2230
6190,2230
6191,2230
6193,2230
6194,2230
6195,2230
6196,2230
6197,2230
6198,2230
15244,2230
11632,2230
11633,2230
10129,2231
15286,2232
15287,2232
6219,2233
26651,2234
26622,2234
26601,2234
28333,2234
26623,2234
26624,2234
26625,2234
26626,2234
26627,2234
26628,2234
26629,2234
26630,2234
26631,2234
26632,2234
26633,2234
26634,2234
26635,2234
26636,2234
26637,2234
26638,2234
26639,2234
26640,2234
26641,2234
26642,2234
26643,2234
26604,2234
26605,2234
26606,2234
26607,2234
26608,2234
26609,2234
26610,2234
26611,2234
26612,2234
26613,2234
26614,2234
26615,2234
26616,2234
26617,2234
26618,2234
26619,2234
26620,2234
26621,2234
26600,2234
26602,2234
26603,2234
26652,2234
26653,2234
26644,2234
26645,2234
26646,2234
26647,2234
26648,2234
26649,2234
26650,2234
6229,2234
15289,2235
15290,2235
15291,2235
15292,2235
15293,2235
15294,2235
15288,2235
15296,2235
15297,2235
15298,2235
6242,2235
6243,2235
15295,2235
15299,2236
15300,2236
6251,2240
6250,2240
6252,2241
10130,2244
6253,2245
18942,2245
11454,2246
25222,2246
6254,2246
6260,2246
6259,2246
6258,2246
6255,2246
6256,2246
6257,2246
6262,2247
6261,2247
6263,2248
10033,2248
15326,2249
15328,2249
15329,2249
15330,2249
11436,2249
11437,2249
32154,2249
32151,2249
32152,2249
32153,2249
6308,2249
15312,2249
15313,2249
15314,2249
15315,2249
15316,2249
15317,2249
15318,2249
15319,2249
15320,2249
15321,2249
15323,2249
15324,2249
15325,2249
32155,2249
32156,2249
6292,2249
15306,2249
10329,2249
15322,2249
15331,2249
15332,2249
15333,2249
15334,2249
15301,2249
15302,2249
15303,2249
15304,2249
15305,2249
15307,2249
15308,2249
15309,2249
15311,2249
6290,2249
6291,2249
6293,2249
6294,2249
6298,2249
6299,2249
6300,2249
6301,2249
6306,2249
6307,2249
6311,2249
6312,2249
6313,2249
6314,2249
6315,2249
6316,2249
6317,2249
6319,2249
6320,2249
6321,2249
6322,2249
11438,2249
10330,2249
15310,2249
15327,2249
11302,2249
11613,2249
11614,2249
11615,2249
11616,2249
6265,2249
6266,2249
6268,2249
6270,2249
6271,2249
6272,2249
6325,2249
6326,2249
6327,2249
6328,2249
6278,2249
6279,2249
6280,2249
6284,2249
6285,2249
6287,2249
6288,2249
6289,2249
31087,2250
31086,2250
6329,2251
6334,2252
6335,2252
6336,2252
6337,2252
6338,2252
6339,2252
6340,2252
6341,2252
6342,2252
6344,2252
6345,2252
6346,2252
6347,2252
11159,2252
11366,2252
11367,2252
11308,2252
11671,2252
11306,2252
6343,2252
11307,2252
11309,2252
11310,2252
11311,2252
11312,2252
11313,2252
11314,2252
11315,2252
11316,2252
11317,2252
11318,2252
6352,2253
15355,2253
15335,2253
15336,2253
15337,2253
15338,2253
15339,2253
15340,2253
15341,2253
15342,2253
15343,2253
15345,2253
15346,2253
15347,2253
15348,2253
15349,2253
15350,2253
15351,2253
15352,2253
15353,2253
11535,2253
11595,2253
11596,2253
11597,2253
11598,2253
11599,2253
11600,2253
11601,2253
11602,2253
11603,2253
11604,2253
11605,2253
11606,2253
11607,2253
11608,2253
15344,2253
15354,2253
15356,2253
15357,2253
15358,2253
15359,2253
15360,2253
15364,2254
15365,2254
15366,2254
15367,2254
15369,2254
15370,2254
15371,2254
15372,2254
15373,2254
15374,2254
6351,2254
15375,2254
15368,2254
15362,2254
15361,2254
15363,2254
6353,2255
6354,2256
11618,2257
6360,2257
15390,2257
32157,2257
32158,2257
32159,2257
32160,2257
32161,2257
15387,2257
15388,2257
15389,2257
11617,2257
15379,2257
15376,2257
15378,2257
15380,2257
15381,2257
15382,2257
15383,2257
15384,2257
15385,2257
15386,2257
6361,2257
6362,2257
6363,2257
6364,2257
6365,2257
6366,2257
6367,2257
6372,2257
6374,2257
6376,2257
6356,2257
6357,2257
6358,2257
6359,2257
11619,2257
10034,2258
26590,2259
26592,2259
26593,2259
26594,2259
26595,2259
26596,2259
26597,2259
26598,2259
26583,2259
26584,2259
26585,2259
26586,2259
26587,2259
26588,2259
26589,2259
26591,2259
15427,2260
15428,2260
15429,2260
11580,2260
11581,2260
11582,2260
11583,2260
11584,2260
11585,2260
11586,2260
11587,2260
11588,2260
11589,2260
11590,2260
11591,2260
11592,2260
11593,2260
11594,2260
11563,2260
11568,2260
6389,2260
6390,2260
6391,2260
6392,2260
6393,2260
6395,2260
6396,2260
6397,2260
6398,2260
6400,2260
6401,2260
6402,2260
6403,2260
6409,2260
6411,2260
6422,2260
6427,2260
6431,2260
6432,2260
6433,2260
6416,2260
6414,2260
11727,2260
15395,2260
15412,2260
6394,2260
11636,2260
11637,2260
11638,2260
15413,2260
15423,2260
11569,2260
11620,2260
11621,2260
11622,2260
11623,2260
11570,2260
11571,2260
11572,2260
11573,2260
11574,2260
11575,2260
11576,2260
11577,2260
11578,2260
11579,2260
11507,2260
15391,2260
15392,2260
15393,2260
15394,2260
15396,2260
15397,2260
15398,2260
15399,2260
15400,2260
15401,2260
15402,2260
15403,2260
15404,2260
15405,2260
15406,2260
15407,2260
15408,2260
15409,2260
15410,2260
32416,2260
32417,2260
32164,2260
32165,2260
32166,2260
32167,2260
32168,2260
32169,2260
6426,2260
11299,2260
11300,2260
11301,2260
11564,2260
11565,2260
11566,2260
11567,2260
15411,2260
15414,2260
15415,2260
15416,2260
15417,2260
15418,2260
15419,2260
15420,2260
15421,2260
15422,2260
15424,2260
15425,2260
15426,2260
26663,2261
26664,2261
26665,2261
26666,2261
26667,2261
26668,2261
26669,2261
26670,2261
26671,2261
26672,2261
26673,2261
26674,2261
26675,2261
26676,2261
26677,2261
26678,2261
26679,2261
26680,2261
26681,2261
26682,2261
26741,2261
26742,2261
26743,2261
26683,2261
26684,2261
26685,2261
26686,2261
26687,2261
26688,2261
26689,2261
26690,2261
26691,2261
26692,2261
26693,2261
26694,2261
26695,2261
26696,2261
26697,2261
6488,2261
26656,2261
26657,2261
26658,2261
26659,2261
26660,2261
26661,2261
26662,2261
32402,2261
6445,2261
26739,2261
26740,2261
6452,2261
6460,2261
6464,2261
26737,2261
26738,2261
6491,2262
11624,2263
6507,2263
6508,2263
6509,2263
10577,2263
10574,2263
10545,2263
10546,2263
10547,2263
10550,2263
10552,2263
10553,2263
10554,2263
10555,2263
10556,2263
10557,2263
6492,2263
6493,2263
6494,2263
6495,2263
6496,2263
6497,2264
6498,2263
6499,2263
6500,2263
6501,2263
6502,2263
6503,2263
6504,2263
6505,2263
6506,2263
10565,2263
10566,2263
10567,2263
10568,2263
10569,2263
10570,2263
10571,2263
10572,2263
10573,2263
15437,2263
10558,2263
10559,2263
10560,2263
10561,2263
10562,2263
10563,2263
10564,2263
10575,2263
10576,2263
15438,2263
15439,2263
15440,2263
15441,2263
15442,2263
15443,2263
15444,2263
15430,2263
15431,2263
15432,2263
15433,2263
15434,2263
15435,2263
15436,2263
11443,2263
15445,2265
15453,2265
15452,2265
15451,2265
15450,2265
15455,2265
15456,2265
15457,2265
15458,2265
15454,2265
15446,2265
15447,2265
15448,2265
15449,2265
32415,5641
32414,5641
32413,5641
6514,2266
6513,2266
15459,2267
6517,2268
15462,2268
15463,2268
15461,2268
6516,2268
15460,2268
6519,2269
6521,2269
6520,2269
15466,2270
15467,2270
15465,2270
15464,2270
10467,3032
6527,2273
15483,2273
15482,2273
15481,2273
15480,2273
15479,2273
15478,2273
15477,2273
10465,2273
10463,2273
10462,2273
15485,2273
15486,2273
15488,2273
15489,2273
15490,2273
15491,2273
15492,2273
15493,2273
15494,2273
15495,2273
15496,2273
15497,2273
15498,2273
15474,2273
15475,2273
15476,2273
15471,2273
6528,2273
15484,2273
6529,2273
32215,2273
15487,2273
15468,2273
15469,2273
15470,2273
15472,2273
15473,2273
10466,2273
6531,2274
15499,3034
10131,2275
6609,2277
6608,2277
6607,2277
6606,2277
6605,2277
6604,2277
6603,2277
6602,2277
11298,2277
11297,2277
11647,2277
11646,2277
6537,2277
6535,2277
6536,2277
6532,2277
6533,2277
6534,2277
7991,2278
6751,2279
17487,4247
11665,2280
10631,2280
10638,2280
6538,2280
15504,2280
15500,2280
15501,2280
15502,2280
15503,2280
15505,2280
15506,2280
15508,2280
15509,2280
15507,2280
15528,2281
15530,2281
15531,2281
15532,2281
15533,2281
15534,2281
15535,2281
15536,2281
15537,2281
11468,2281
6562,2281
15512,2281
15514,2281
10642,2281
11296,2281
15529,2281
10458,2281
6610,2281
26927,2281
6541,2281
6542,2281
6543,2281
6545,2281
6548,2281
6556,2281
6559,2281
6560,2281
6561,2281
6564,2281
6566,2281
6567,2281
6568,2281
6569,2281
6570,2281
6571,2281
26910,2281
26925,2281
26918,2281
26906,2281
26907,2281
26908,2281
26909,2281
26911,2281
26912,2281
26913,2281
26914,2281
26915,2281
26916,2281
26917,2281
26919,2281
26920,2281
26921,2281
26922,2281
26923,2281
26924,2281
26926,2281
26928,2281
26929,2281
26930,2281
26931,2281
26932,2281
26933,2281
26934,2281
15521,2281
11469,2281
11470,2281
11471,2281
11472,2281
11473,2281
11474,2281
11475,2281
11476,2281
11477,2281
11478,2281
11479,2281
11643,2281
10644,2281
10647,2281
15510,2281
15511,2281
15513,2281
15515,2281
15516,2281
15517,2281
15518,2281
15519,2281
15520,2281
15522,2281
15523,2281
15524,2281
15525,2281
15526,2281
15527,2281
10134,2588
9960,2880
9962,2880
9961,2880
6581,2326
6582,2326
6583,2326
6601,2326
10036,2326
10037,2326
10039,2326
10041,2326
10042,2326
10043,2326
10044,2326
10045,2326
10038,2326
10046,2326
10047,2326
27610,2326
27611,2326
27612,2326
27613,2326
27614,2326
27615,2326
27616,2326
6580,2326
27617,2326
6578,2326
6579,2326
27640,3229
27641,3229
27642,3229
27634,3229
27635,3229
27636,3229
27637,3229
27638,3229
27639,3229
6594,2339
11295,2339
6576,2339
6575,2339
15540,2339
15557,2339
15547,2339
15548,2339
15549,2339
15550,2339
15551,2339
15552,2339
15553,2339
15554,2339
15555,2339
15556,2339
15558,2339
15538,2339
15539,2339
15541,2339
15542,2339
15543,2339
15544,2339
15545,2339
15546,2339
11642,2339
7825,2339
7826,2339
7827,2339
7828,2339
7829,2339
7830,2339
7831,2339
7832,2339
7833,2339
7834,2339
7835,2339
7836,2339
7837,2339
7838,2339
7839,2339
32411,2339
32412,2339
6593,2339
6600,2339
6584,2350
6587,2350
6585,2350
6586,2350
10048,2922
6588,2338
6572,2338
6574,2341
15560,2340
15561,2340
15562,2340
15559,2340
15563,3508
15564,3509
6599,2353
6778,2352
6596,2352
6779,2352
6777,2352
6776,2352
6775,2352
6597,2352
25244,2352
6774,2352
15640,3535
15639,3535
15641,3535
15642,3535
25228,5444
19624,2373
19625,2373
19626,2373
19627,2373
19628,2373
6613,2373
6614,2373
6616,2373
6617,2373
6618,2373
6619,2373
6620,2373
6663,2373
6621,2373
6622,2373
6623,2373
6624,2373
6625,2373
6626,2373
6628,2373
6629,2373
6630,2373
6662,2373
6631,2373
6632,2373
6633,2373
6634,2373
6635,2373
6636,2373
6637,2373
15578,2373
15579,2373
15580,2373
15581,2373
15582,2373
15583,2373
15584,2373
15585,2373
15586,2373
15587,2373
15588,2373
15589,2373
32170,2373
32171,2373
32172,2373
32173,2373
32174,2373
32175,2373
32176,2373
31646,2373
6638,2373
6639,2373
6640,2373
6660,2373
6641,2373
6642,2373
6643,2373
6644,2373
6645,2373
6659,2373
6646,2373
6647,2373
6648,2373
6649,2373
6650,2373
6651,2373
6658,2373
6652,2373
6653,2373
6654,2373
6655,2373
6656,2373
6657,2373
6664,2373
6665,2373
6666,2373
6667,2373
6668,2373
6669,2373
6679,2373
6670,2373
6671,2373
6615,2373
6627,2373
19617,2373
19618,2373
19619,2373
19620,2373
19621,2373
19622,2373
19623,2373
26698,2373
26699,2373
26700,2373
26701,2373
26702,2373
26703,2373
26704,2373
26705,2373
26706,2373
26707,2373
26708,2373
26709,2373
26710,2373
26711,2373
26712,2373
26713,2373
26714,2373
26715,2373
26716,2373
26717,2373
26718,2373
26719,2373
26720,2373
26721,2373
26722,2373
26723,2373
26724,2373
26725,2373
26726,2373
26727,2373
26728,2373
26729,2373
26730,2373
26731,2373
26732,2373
26733,2373
26734,2373
15574,2373
15565,2373
11291,2373
11292,2373
15590,2373
15591,2373
15592,2373
11293,2373
11294,2373
6612,2373
18938,2373
18939,2373
15566,2373
15567,2373
15568,2373
15569,2373
15570,2373
15571,2373
15572,2373
15573,2373
15575,2373
15576,2373
15577,2373
32177,5609
32179,5609
32180,5609
32178,5609
15594,2404
10470,2404
15593,2404
6780,2404
6769,2397
10471,2397
6755,2394
6768,2394
6754,2394
15595,2395
15597,2395
15596,2395
6764,2396
6758,2396
6763,2396
6761,2396
6766,2396
6762,2396
6759,2396
15600,2396
15599,2396
6765,2396
15598,2396
26854,2398
26855,2398
26856,2398
26857,2398
11285,2398
11286,2398
11287,2398
11288,2398
11289,2398
26873,2398
26878,2398
26875,2398
26902,2398
26900,2398
11445,2398
10627,2398
10628,2398
10629,2398
10630,2398
10612,2398
10613,2398
10614,2398
10615,2398
10616,2398
10617,2398
10618,2398
10619,2398
10620,2398
10621,2398
10622,2398
10623,2398
10624,2398
10625,2398
10626,2398
26863,2398
26904,2398
26905,2398
26858,2398
26859,2398
26860,2398
26861,2398
26862,2398
26864,2398
26865,2398
26866,2398
26867,2398
26868,2398
26869,2398
26870,2398
26871,2398
26872,2398
26874,2398
26876,2398
26877,2398
26879,2398
26880,2398
26881,2398
26882,2398
26883,2398
26884,2398
26885,2398
26886,2398
26887,2398
26888,2398
26889,2398
26890,2398
26891,2398
26892,2398
26893,2398
26894,2398
26895,2398
26896,2398
26897,2398
26898,2398
26899,2398
26901,2398
26903,2398
26844,2398
26845,2398
26846,2398
26847,2398
26848,2398
26849,2398
26850,2398
26851,2398
26852,2398
26853,2398
10474,2399
25245,2399
10473,2399
10472,2399
7461,2400
7459,2400
7460,2400
28727,5532
19002,2923
19001,2923
11236,2401
11235,2401
32182,2402
10479,2402
10478,2402
10477,2402
32184,2402
32183,2402
10049,2403
7744,2403
10969,2403
10971,2403
10973,2403
10972,2403
10974,2403
7746,2403
7745,2403
10970,2403
7741,2403
7742,2403
7743,2403
16119,3618
16118,3618
8019,2694
8018,2694
8020,2694
8016,2694
8017,2694
10457,2953
6782,2953
30079,2406
30080,2406
30230,2406
30231,2406
30232,2406
30233,2406
30234,2406
30235,2406
30236,2406
30237,2406
30238,2406
30239,2406
30240,2406
30241,2406
30242,2406
30243,2406
30081,2406
30082,2406
30083,2406
30084,2406
30085,2406
30086,2406
30087,2406
30088,2406
30089,2406
30090,2406
30091,2406
30092,2406
30223,2406
30055,2406
30056,2406
30057,2406
30058,2406
30059,2406
30060,2406
30061,2406
30062,2406
30063,2406
30064,2406
30065,2406
30066,2406
30067,2406
30068,2406
30069,2406
30070,2406
30071,2406
30072,2406
30073,2406
30074,2406
30075,2406
30076,2406
30077,2406
30078,2406
30179,2406
30180,2406
30181,2406
30182,2406
30183,2406
30177,2406
30178,2406
30124,2406
30125,2406
30126,2406
30127,2406
30128,2406
30129,2406
30130,2406
30131,2406
30132,2406
30133,2406
30134,2406
30135,2406
30244,2406
30245,2406
30246,2406
30247,2406
30248,2406
30249,2406
30250,2406
30251,2406
30252,2406
30253,2406
30254,2406
30255,2406
30256,2406
30257,2406
30258,2406
30259,2406
30260,2406
30261,2406
30262,2406
30263,2406
30264,2406
30265,2406
30224,2406
30225,2406
30226,2406
30227,2406
30228,2406
30229,2406
30112,2406
30113,2406
30114,2406
30184,2406
30093,2406
30094,2406
30219,2406
30220,2406
30221,2406
30222,2406
30155,2406
30156,2406
30157,2406
30158,2406
30159,2406
30160,2406
30161,2406
30162,2406
30163,2406
30164,2406
30165,2406
30166,2406
30167,2406
30168,2406
30169,2406
30170,2406
30171,2406
30172,2406
30173,2406
30174,2406
30175,2406
30176,2406
30192,2406
30193,2406
30194,2406
30195,2406
30196,2406
30197,2406
30198,2406
30199,2406
30200,2406
30201,2406
30202,2406
30203,2406
30204,2406
30205,2406
30206,2406
30207,2406
30208,2406
30209,2406
30210,2406
30211,2406
30212,2406
30213,2406
30214,2406
30215,2406
30216,2406
30217,2406
30218,2406
30150,2406
30151,2406
30152,2406
30153,2406
30154,2406
11228,2406
11229,2406
11230,2406
32185,2406
32186,2406
32187,2406
32188,2406
32189,2406
30149,2406
30115,2406
30116,2406
30117,2406
30118,2406
30119,2406
30120,2406
30121,2406
30122,2406
30123,2406
30185,2406
30186,2406
30187,2406
30188,2406
30189,2406
30190,2406
30191,2406
30136,2406
30137,2406
30138,2406
30139,2406
30140,2406
30141,2406
30142,2406
30143,2406
30144,2406
30145,2406
30146,2406
30147,2406
30148,2406
30095,2406
30096,2406
30097,2406
30098,2406
30099,2406
30100,2406
30101,2406
30102,2406
30103,2406
30104,2406
30105,2406
30106,2406
30107,2406
30108,2406
30109,2406
30110,2406
30111,2406
11726,2406
15604,2406
15605,2406
15606,2406
15607,2406
15608,2406
15609,2406
15610,2406
15611,2406
15601,2406
15602,2406
15603,2406
11218,2406
11721,2406
11722,2406
11215,2406
11710,2406
11711,2406
11712,2406
11713,2406
11714,2406
11715,2406
11716,2406
11717,2406
11718,2406
11719,2406
11720,2406
11666,2406
11667,2406
11668,2406
11216,2406
11217,2406
11219,2406
11220,2406
11221,2406
11222,2406
11223,2406
11224,2406
11225,2406
11723,2406
11724,2406
10480,2406
11231,2406
11232,2406
11234,2406
11233,2406
11226,2406
11227,2406
10483,2428
6793,2428
10481,2428
10482,2428
7797,2429
7798,2429
7799,2429
7800,2429
7801,2429
7803,2429
7804,2429
7805,2429
7806,2429
7807,2429
7808,2429
7809,2429
7810,2429
7811,2429
7812,2429
7796,2429
7794,2429
6794,2429
7813,2429
7802,2429
10484,3015
10485,3015
6803,2434
16930,4562
10586,2436
10587,2436
10590,2437
10585,2436
10584,2436
10583,2436
10591,2437
10588,2436
10589,2436
10581,2436
10580,2436
10579,2436
6806,2436
6807,2437
6808,2437
10593,2437
10594,2437
10595,2437
10596,2437
10597,2437
10598,2437
10599,2437
10600,2437
10601,2437
10602,2437
10603,2437
10604,2437
10605,2437
10606,2437
10607,2437
10608,2437
10609,2437
10610,2437
10611,2437
10592,2437
10578,2436
10456,3012
10455,3012
8002,2693
8001,2693
8007,2693
8005,2693
8006,2693
8003,2693
8004,2693
28686,5517
11237,2921
10035,2921
10451,3014
10454,3014
10453,3014
11365,3014
9307,2439
9308,2439
9309,2439
9310,2439
9311,2439
9312,2439
9313,2439
9314,2439
9315,2439
9316,2439
9317,2439
9318,2439
7224,2439
15819,2439
15867,2439
9184,2439
9185,2439
9186,2439
9187,2439
9188,2439
9189,2439
9190,2439
9191,2439
9192,2439
9193,2439
9194,2439
9195,2439
9196,2439
9197,2439
9198,2439
9199,2439
9200,2439
9201,2439
9202,2439
9203,2439
9204,2439
9205,2439
9206,2439
9207,2439
9208,2439
9304,2439
9336,2439
9548,2439
9549,2439
9550,2439
9551,2439
9552,2439
9553,2439
9554,2439
9555,2439
9338,2439
9166,2439
9167,2439
9168,2439
9169,2439
9170,2439
9171,2439
9172,2439
9173,2439
9174,2439
9175,2439
9560,2439
6928,2439
9561,2439
9148,2439
9149,2439
9150,2439
9151,2439
9152,2439
9153,2439
9154,2439
9155,2439
9156,2439
9157,2439
7300,2439
7301,2439
7302,2439
7303,2439
9132,2439
9133,2439
9134,2439
9135,2439
9136,2439
9137,2439
9139,2439
9140,2439
9141,2439
9142,2439
9143,2439
9144,2439
9145,2439
9146,2439
9147,2439
9378,2439
9379,2439
9380,2439
9381,2439
9209,2439
9210,2439
9211,2439
9212,2439
9213,2439
9214,2439
9215,2439
9216,2439
9217,2439
9218,2439
9219,2439
9220,2439
9362,2439
7292,2439
7290,2439
7291,2439
9176,2439
9177,2439
9178,2439
9179,2439
9180,2439
9181,2439
9182,2439
9183,2439
9305,2439
9306,2439
19721,2439
19722,2439
19723,2439
19732,2439
19733,2439
19726,2439
19727,2439
19728,2439
19729,2439
19730,2439
19731,2439
19800,2439
28742,2439
32018,2439
32019,2439
32020,2439
32021,2439
32022,2439
32023,2439
32024,2439
32025,2439
32026,2439
32027,2439
32028,2439
32029,2439
32030,2439
32031,2439
9110,2439
32032,2439
32033,2439
32034,2439
32035,2439
32036,2439
32037,2439
32038,2439
32039,2439
32040,2439
32041,2439
32042,2439
32043,2439
32044,2439
32045,2439
32046,2439
32047,2439
32048,2439
32049,2439
32015,2439
32016,2439
32017,2439
9375,2439
9339,2439
7304,2439
9159,2439
9160,2439
9161,2439
9162,2439
9163,2439
9164,2439
9165,2439
9556,2439
9557,2439
9558,2439
9559,2439
9335,2439
6923,2439
6924,2439
6925,2439
6926,2439
6930,2439
6935,2439
6873,2439
6874,2439
6931,2439
7254,2439
7125,2439
7130,2439
7131,2439
7132,2439
7133,2439
6849,2439
6936,2439
7297,2439
7298,2439
7299,2439
19724,2439
19725,2439
19630,2439
19631,2439
19667,2439
19668,2439
19717,2439
19718,2439
19719,2439
19720,2439
32099,2439
32100,2439
32101,2439
32102,2439
32103,2439
32104,2439
32105,2439
32106,2439
32107,2439
31990,2439
31991,2439
31992,2439
31993,2439
31994,2439
31995,2439
31996,2439
31997,2439
31998,2439
31999,2439
32000,2439
32001,2439
32002,2439
32003,2439
32004,2439
32005,2439
7294,2439
7295,2439
7296,2439
31987,2439
31988,2439
32075,2439
7079,2439
9373,2439
9374,2439
9387,2439
9388,2439
9389,2439
9390,2439
9370,2439
9371,2439
9372,2439
7120,2439
9484,2439
7293,2439
6846,2439
6867,2439
6941,2439
9319,2439
9320,2439
9321,2439
9322,2439
9323,2439
9324,2439
9325,2439
9326,2439
9327,2439
9328,2439
9329,2439
9330,2439
9331,2439
9332,2439
9333,2439
9334,2439
9660,2439
9661,2439
9662,2439
9664,2439
9665,2439
9666,2439
9667,2439
9668,2439
9669,2439
9670,2439
9671,2439
9672,2439
32406,2439
32108,2439
32109,2439
31650,2439
32399,2439
32408,2439
32067,2439
32068,2439
32069,2439
32070,2439
32071,2439
32072,2439
32073,2439
32074,2439
32115,2439
32116,2439
32111,2439
32112,2439
32113,2439
32114,2439
32050,2439
32051,2439
32052,2439
32053,2439
32054,2439
32055,2439
9377,2439
9376,2439
32056,2439
32057,2439
32058,2439
32059,2439
32060,2439
32061,2439
32062,2439
32063,2439
32064,2439
32065,2439
32066,2439
32006,2439
32007,2439
32008,2439
32009,2439
32010,2439
32011,2439
32012,2439
32013,2439
32014,2439
32407,2439
32096,2439
32097,2439
32098,2439
9351,2439
9352,2439
9353,2439
9416,2439
9417,2439
9544,2439
9545,2439
9546,2439
9547,2439
9717,2439
9718,2439
9719,2439
9720,2439
9721,2439
9722,2439
9723,2439
9724,2439
9725,2439
9726,2439
9727,2439
9729,2439
9730,2439
9732,2439
9733,2439
9734,2439
9735,2439
9736,2439
9737,2439
9738,2439
9739,2439
9740,2439
9354,2439
9355,2439
9596,2439
9597,2439
9599,2439
9598,2439
9600,2439
9601,2439
9602,2439
9603,2439
9604,2439
9605,2439
9606,2439
9607,2439
9608,2439
9609,2439
9610,2439
9611,2439
9612,2439
9613,2439
9614,2439
9615,2439
32110,2439
9564,2439
9651,2439
9652,2439
9653,2439
9654,2439
9655,2439
9656,2439
9657,2439
9658,2439
9659,2439
9105,2439
9106,2439
9107,2439
9108,2439
9109,2439
9111,2439
9069,2439
9071,2439
9756,2439
9680,2439
9682,2439
9683,2439
9684,2439
9685,2439
9686,2439
9687,2439
9688,2439
9689,2439
9690,2439
9692,2439
9693,2439
9694,2439
9695,2439
9696,2439
9697,2439
9698,2439
9072,2439
9073,2439
9074,2439
9076,2439
9078,2439
9079,2439
9081,2439
9083,2439
9084,2439
9085,2439
9087,2439
9089,2439
9090,2439
9093,2439
9358,2439
9361,2439
9363,2439
9364,2439
9616,2439
9617,2439
9618,2439
9619,2439
9620,2439
9621,2439
9622,2439
9623,2439
9624,2439
9673,2439
9674,2439
9675,2439
9676,2439
9678,2439
9679,2439
9346,2439
9347,2439
9348,2439
9349,2439
9350,2439
26381,2439
26831,2439
26832,2439
26833,2439
26834,2439
26835,2439
26368,2439
19752,2439
19753,2439
19754,2439
15859,2439
15860,2439
15861,2439
15862,2439
15863,2439
15864,2439
15865,2439
15866,2439
15868,2439
15869,2439
15870,2439
15871,2439
15872,2439
15873,2439
15874,2439
15875,2439
15876,2439
15877,2439
15878,2439
15879,2439
15880,2439
15881,2439
15882,2439
15883,2439
15884,2439
15885,2439
9504,2439
9505,2439
9506,2439
9507,2439
9509,2439
9565,2439
9094,2439
9095,2439
9097,2439
9099,2439
9100,2439
9101,2439
9102,2439
9365,2439
9392,2439
9393,2439
9394,2439
9395,2439
9396,2439
9397,2439
9398,2439
9399,2439
9400,2439
9418,2439
9419,2439
9420,2439
9421,2439
26569,2439
26570,2439
26571,2439
26572,2439
26573,2439
26574,2439
26575,2439
26576,2439
26577,2439
26578,2439
26579,2439
26580,2439
26581,2439
26582,2439
15774,2439
15775,2439
15776,2439
15777,2439
15778,2439
15779,2439
15780,2439
15770,2439
15771,2439
15772,2439
15773,2439
9359,2439
26554,2439
9341,2439
19766,2439
19767,2439
19768,2439
19769,2439
19770,2439
19771,2439
19790,2439
19791,2439
19792,2439
19793,2439
19794,2439
19795,2439
19796,2439
19797,2439
19798,2439
19799,2439
9080,2439
9075,2439
9077,2439
9088,2439
9086,2439
9082,2439
9096,2439
9092,2439
26401,2439
26402,2439
26397,2439
26398,2439
19801,2439
19802,2439
26369,2439
26370,2439
26371,2439
26372,2439
19742,2439
19743,2439
19744,2439
19745,2439
19746,2439
15781,2439
15782,2439
15783,2439
15784,2439
15785,2439
15786,2439
15787,2439
15788,2439
15789,2439
15790,2439
15791,2439
15792,2439
15793,2439
15794,2439
15795,2439
15796,2439
15797,2439
15798,2439
15799,2439
15800,2439
15801,2439
15802,2439
15803,2439
15804,2439
15805,2439
15806,2439
15807,2439
15808,2439
15809,2439
15810,2439
15811,2439
15812,2439
15813,2439
15814,2439
15815,2439
15816,2439
15817,2439
15818,2439
26373,2439
26374,2439
26375,2439
9138,2439
25933,2439
9731,2439
9098,2439
26555,2439
26556,2439
26557,2439
26558,2439
26559,2439
26560,2439
26561,2439
26562,2439
26563,2439
26564,2439
26565,2439
26566,2439
26567,2439
26568,2439
15759,2439
15760,2439
15761,2439
15762,2439
15763,2439
15764,2439
15765,2439
15766,2439
15767,2439
15768,2439
19747,2439
19748,2439
19749,2439
19750,2439
19751,2439
15755,2439
15756,2439
15820,2439
15821,2439
15822,2439
15823,2439
15824,2439
15825,2439
15826,2439
15827,2439
15828,2439
15829,2439
15830,2439
15831,2439
15832,2439
15833,2439
15834,2439
15835,2439
15836,2439
15837,2439
15838,2439
15839,2439
15840,2439
15841,2439
15842,2439
15843,2439
15844,2439
15845,2439
15846,2439
15847,2439
15848,2439
15849,2439
15850,2439
15851,2439
15852,2439
15853,2439
15854,2439
15855,2439
15856,2439
15857,2439
15858,2439
19734,2439
19735,2439
19736,2439
19737,2439
19738,2439
19739,2439
19740,2439
19741,2439
16034,2439
16035,2439
9699,2439
9700,2439
9701,2439
9702,2439
9703,2439
9704,2439
9705,2439
9706,2439
9707,2439
9708,2439
9709,2439
9710,2439
9711,2439
9712,2439
9713,2439
16025,2439
16026,2439
16027,2439
16028,2439
16029,2439
16030,2439
16031,2439
16032,2439
16033,2439
9282,2439
9250,2439
9251,2439
9252,2439
9253,2439
9254,2439
9255,2439
9256,2439
9257,2439
9258,2439
9259,2439
9260,2439
9261,2439
9262,2439
9263,2439
9264,2439
9265,2439
9266,2439
9267,2439
9268,2439
9269,2439
9270,2439
9271,2439
9272,2439
9273,2439
9274,2439
9275,2439
9276,2439
9277,2439
9278,2439
9279,2439
9280,2439
9281,2439
15769,2439
15757,2439
15758,2439
15908,2439
15909,2439
15910,2439
15911,2439
15912,2439
15913,2439
15886,2439
15887,2439
15888,2439
9344,2439
9345,2439
9563,2439
9714,2439
9715,2439
9716,2439
9754,2439
9755,2439
9342,2439
9343,2439
9401,2439
9402,2439
9403,2439
9404,2439
9405,2439
9508,2439
9562,2439
9283,2439
9284,2439
9285,2439
9286,2439
9287,2439
9288,2439
9289,2439
9290,2439
9291,2439
9292,2439
9293,2439
9294,2439
9295,2439
9296,2439
9297,2439
9298,2439
9299,2439
9300,2439
9301,2439
9302,2439
9406,2439
9407,2439
9408,2439
9409,2439
9410,2439
9411,2439
9412,2439
9413,2439
9414,2439
9415,2439
15971,2439
15972,2439
15943,2439
15944,2439
15945,2439
15946,2439
15947,2439
15948,2439
15949,2439
15950,2439
15951,2439
15952,2439
15953,2439
15954,2439
15914,2439
15915,2439
15916,2439
15917,2439
15918,2439
15919,2439
15920,2439
15921,2439
15922,2439
15923,2439
15924,2439
15925,2439
15926,2439
15927,2439
15928,2439
15929,2439
15930,2439
15931,2439
15932,2439
15933,2439
15934,2439
15935,2439
15936,2439
15937,2439
15938,2439
15939,2439
15940,2439
15941,2439
15942,2439
15889,2439
15890,2439
15891,2439
15892,2439
15893,2439
15894,2439
15895,2439
15896,2439
15897,2439
15898,2439
15899,2439
15900,2439
15901,2439
15902,2439
15903,2439
15904,2439
15905,2439
15906,2439
15907,2439
15977,2439
15978,2439
15979,2439
15980,2439
15981,2439
15982,2439
15983,2439
15984,2439
15985,2439
15986,2439
15987,2439
15988,2439
15989,2439
15990,2439
15991,2439
15992,2439
15993,2439
15994,2439
15995,2439
15996,2439
15997,2439
15998,2439
15999,2439
16000,2439
16001,2439
16002,2439
16003,2439
16004,2439
16005,2439
16006,2439
16007,2439
16008,2439
16009,2439
16010,2439
16011,2439
16012,2439
16013,2439
16014,2439
16015,2439
16016,2439
16017,2439
16018,2439
16019,2439
16020,2439
16021,2439
16022,2439
16023,2439
16024,2439
15955,2439
15956,2439
15957,2439
15958,2439
15959,2439
15960,2439
15961,2439
15962,2439
15963,2439
15964,2439
15965,2439
15966,2439
15967,2439
15968,2439
15969,2439
15970,2439
26226,2439
26227,2439
26228,2439
26229,2439
26230,2439
26231,2439
26232,2439
26233,2439
26234,2439
26235,2439
26236,2439
26237,2439
26238,2439
26239,2439
26240,2439
26241,2439
25959,2439
26953,2439
26954,2439
9728,2439
9741,2439
9677,2439
9681,2439
9691,2439
26252,2439
26253,2439
26284,2439
26285,2439
26286,2439
26287,2439
26288,2439
26289,2439
26290,2439
26213,2439
26214,2439
26215,2439
26736,2439
26216,2439
26217,2439
26218,2439
26219,2439
26220,2439
26221,2439
26222,2439
26223,2439
26400,2439
26735,2439
26339,2439
26340,2439
26341,2439
26385,2439
9663,2439
26836,2439
26837,2439
26333,2439
26334,2439
26335,2439
26336,2439
26337,2439
26338,2439
15973,2439
15974,2439
15975,2439
15976,2439
26200,2439
26201,2439
26202,2439
26203,2439
26204,2439
26205,2439
26206,2439
26309,2439
26310,2439
26311,2439
26312,2439
26313,2439
26314,2439
26315,2439
26316,2439
26317,2439
26318,2439
26935,2439
26936,2439
26937,2439
26938,2439
26939,2439
26940,2439
26941,2439
26942,2439
26943,2439
26944,2439
26945,2439
26946,2439
26947,2439
26948,2439
26949,2439
26950,2439
26951,2439
26952,2439
26242,2439
26243,2439
26244,2439
26245,2439
26246,2439
26247,2439
26248,2439
26249,2439
26251,2439
26291,2439
26292,2439
26293,2439
26294,2439
26295,2439
26296,2439
26297,2439
26298,2439
26299,2439
26300,2439
26301,2439
26302,2439
26303,2439
26304,2439
26305,2439
26306,2439
26307,2439
26308,2439
26224,2439
26225,2439
9091,2439
6905,2439
6906,2439
6907,2439
6908,2439
7282,2439
7315,2439
7316,2439
7317,2439
7318,2439
7121,2439
7122,2439
7123,2439
7124,2439
7126,2439
7127,2439
7129,2439
7242,2439
7243,2439
7244,2439
7245,2439
7246,2439
7247,2439
7255,2439
7256,2439
7257,2439
7258,2439
7269,2439
7270,2439
7271,2439
7272,2439
7273,2439
7274,2439
7275,2439
7262,2439
7263,2439
7264,2439
7249,2439
7250,2439
7251,2439
7252,2439
28733,2439
26319,2439
26320,2439
26321,2439
26322,2439
26323,2439
26324,2439
26325,2439
26326,2439
26327,2439
26328,2439
26329,2439
26330,2439
26331,2439
9340,2439
26185,2439
26186,2439
26187,2439
26188,2439
26189,2439
26197,2439
26198,2439
26199,2439
25945,2439
25943,2439
25941,2439
25946,2439
25948,2439
25949,2439
26407,2439
26408,2439
26409,2439
7276,2439
7277,2439
7278,2439
7279,2439
7265,2439
7266,2439
7267,2439
7268,2439
9485,2439
9383,2439
9384,2439
9385,2439
9386,2439
7259,2439
7260,2439
7261,2439
7280,2439
7281,2439
7283,2439
9486,2439
9487,2439
26207,2439
26208,2439
26209,2439
26210,2439
26211,2439
26212,2439
7310,2439
7311,2439
7312,2439
7313,2439
7314,2439
6909,2439
6910,2439
6911,2439
6918,2439
6919,2439
9488,2439
9489,2439
9490,2439
9104,2439
9103,2439
7236,2439
7237,2439
7238,2439
7239,2439
7240,2439
7241,2439
25913,2439
25914,2439
25915,2439
25916,2439
25917,2439
25919,2439
26332,2439
26376,2439
26377,2439
26378,2439
26379,2439
26380,2439
26382,2439
26383,2439
26384,2439
26386,2439
7228,2439
7229,2439
7230,2439
7231,2439
7232,2439
7128,2439
26162,2439
26163,2439
26164,2439
26165,2439
26166,2439
26167,2439
26168,2439
26169,2439
26170,2439
7223,2439
7225,2439
7226,2439
7227,2439
26034,2439
26035,2439
26036,2439
26037,2439
26160,2439
26161,2439
26410,2439
26411,2439
26412,2439
26413,2439
26414,2439
26415,2439
26416,2439
26013,2439
26014,2439
26015,2439
26016,2439
26017,2439
26018,2439
26019,2439
26020,2439
26021,2439
26022,2439
26023,2439
26024,2439
26025,2439
26026,2439
26027,2439
26028,2439
26029,2439
26030,2439
26031,2439
26032,2439
26033,2439
25928,2439
25944,2439
7309,2439
26142,2439
26143,2439
26144,2439
26145,2439
25904,2439
25905,2439
25906,2439
26000,2439
7234,2439
7235,2439
9757,2439
25992,2439
25993,2439
25994,2439
25995,2439
25996,2439
25997,2439
25998,2439
25999,2439
25881,2439
25882,2439
25883,2439
25884,2439
25885,2439
25886,2439
25887,2439
25888,2439
25889,2439
25890,2439
25891,2439
25892,2439
25893,2439
25894,2439
25895,2439
25896,2439
25897,2439
25898,2439
25899,2439
25900,2439
25901,2439
25902,2439
25903,2439
7305,2439
7306,2439
7307,2439
7308,2439
26387,2439
26388,2439
26389,2439
26390,2439
26391,2439
26392,2439
26393,2439
26394,2439
26395,2439
26396,2439
26399,2439
9070,2439
7233,2439
26417,2439
26418,2439
26419,2439
26420,2439
6890,2439
6891,2439
6892,2439
6893,2439
26009,2439
26010,2439
26011,2439
26012,2439
26171,2439
26172,2439
26173,2439
26174,2439
26175,2439
26176,2439
26177,2439
26178,2439
26179,2439
26180,2439
26181,2439
26182,2439
26183,2439
26184,2439
6840,2439
6841,2439
6842,2439
6844,2439
6845,2439
6847,2439
6848,2439
6850,2439
6851,2439
6852,2439
6855,2439
6857,2439
6858,2439
6859,2439
6860,2439
6861,2439
6862,2439
6863,2439
6864,2439
6866,2439
26146,2439
26147,2439
26148,2439
26149,2439
26150,2439
26151,2439
26152,2439
26153,2439
26154,2439
26155,2439
26156,2439
26157,2439
26158,2439
26159,2439
26001,2439
26002,2439
26003,2439
26004,2439
26005,2439
26006,2439
26007,2439
26008,2439
26421,2439
26422,2439
26423,2439
26424,2439
26425,2439
26426,2439
26427,2439
26428,2439
26429,2439
26430,2439
26431,2439
26432,2439
26433,2439
26434,2439
25960,2439
25961,2439
25942,2439
25947,2439
25950,2439
25951,2439
25952,2439
25953,2439
25955,2439
25956,2439
25957,2439
25958,2439
6894,2439
6895,2439
6896,2439
6897,2439
6898,2439
6899,2439
6900,2439
6901,2439
6902,2439
6903,2439
6904,2439
25907,2439
25908,2439
25909,2439
25910,2439
25911,2439
25912,2439
7289,2439
7284,2439
7285,2439
7286,2439
7287,2439
7288,2439
6868,2439
6869,2439
6877,2439
6878,2439
6879,2439
6880,2439
6881,2439
6882,2439
6883,2439
6884,2439
6885,2439
6886,2439
6887,2439
6888,2439
6889,2439
26084,2439
26085,2439
25976,2439
25977,2439
25978,2439
25979,2439
25980,2439
25981,2439
25982,2439
25983,2439
25984,2439
25985,2439
25986,2439
25987,2439
25988,2439
25989,2439
25990,2439
25991,2439
25974,2439
25975,2439
26058,2439
26059,2439
26060,2439
26435,2439
26436,2439
26437,2439
26438,2439
26439,2439
26440,2439
26441,2439
26442,2439
26443,2439
26038,2439
26039,2439
26040,2439
26041,2439
26042,2439
26043,2439
26044,2439
26045,2439
26046,2439
26047,2439
26048,2439
26049,2439
26050,2439
26051,2439
26052,2439
26053,2439
26054,2439
26055,2439
26056,2439
26057,2439
25973,2439
25962,2439
25963,2439
25964,2439
25965,2439
25966,2439
25967,2439
25968,2439
25969,2439
25970,2439
25971,2439
25972,2439
25920,2439
25921,2439
25922,2439
25923,2439
25924,2439
25925,2439
25926,2439
25927,2439
25929,2439
25930,2439
25931,2439
25932,2439
25934,2439
25935,2439
25936,2439
25937,2439
25938,2439
25939,2439
25940,2439
26444,2439
26445,2439
26446,2439
26447,2439
9360,2439
26448,2439
26449,2439
26450,2439
26451,2439
26453,2439
26454,2439
26455,2439
26457,2439
26458,2439
26091,2439
26092,2439
26093,2439
26086,2439
26087,2439
26088,2439
26089,2439
26090,2439
26061,2439
26062,2439
26063,2439
26064,2439
26065,2439
26066,2439
26067,2439
26068,2439
26069,2439
26070,2439
26071,2439
26072,2439
26073,2439
26074,2439
26075,2439
26076,2439
26077,2439
26078,2439
26079,2439
26080,2439
26081,2439
26082,2439
26083,2439
7427,2466
16073,2466
16068,2466
16070,2466
16071,2466
16072,2466
16069,2466
16074,2466
16075,2466
16076,2466
16067,2466
17242,4802
17241,4802
26986,2487
26987,2487
26988,2487
26989,2487
26990,2487
26991,2487
26992,2487
26993,2487
26994,2487
26995,2487
26996,2487
26997,2487
26998,2487
26959,2487
26960,2487
26961,2487
26962,2487
26963,2487
26964,2487
26965,2487
26966,2487
26967,2487
26968,2487
26955,2487
26956,2487
26957,2487
26958,2487
7081,2487
7082,2487
16377,2487
9516,2487
11707,2487
11708,2487
11709,2487
11706,2487
9517,2487
9518,2487
9519,2487
9520,2487
9521,2487
9522,2487
9523,2487
9524,2487
17551,2487
26969,2487
26970,2487
26971,2487
26972,2487
26973,2487
26974,2487
26975,2487
26976,2487
26977,2487
26978,2487
26979,2487
26980,2487
26981,2487
26982,2487
26983,2487
26984,2487
26985,2487
7100,2507
7432,2547
7431,2547
7430,2547
7429,2547
7428,2547
7433,2548
7545,2590
32199,5611
32201,5611
32202,5611
32203,5611
32200,5611
32195,5611
32194,5611
32191,5611
32193,5611
32192,5611
32190,5611
32197,5611
32198,5611
16503,4336
10582,2875
10651,2749
10652,2749
9460,2749
9461,2749
9122,2749
9123,2749
9425,2749
9426,2749
11702,2749
11703,2749
11704,2749
11705,2749
9462,2749
9435,2749
9436,2749
9437,2749
9438,2749
9439,2749
9440,2749
9441,2749
9427,2749
9428,2749
9429,2749
9430,2749
9431,2749
9432,2749
9433,2749
9434,2749
9442,2749
9443,2749
9444,2749
9445,2749
9446,2749
9447,2749
9448,2749
9449,2749
9450,2749
9451,2749
9452,2749
9453,2749
10650,2749
10656,2749
10649,2749
10655,2749
10654,2749
10653,2749
9454,2749
9455,2749
9456,2749
9457,2749
9458,2749
9459,2749
9950,2877
9949,2877
9948,2877
9947,2877
9893,2832
9894,2832
18933,2832
9884,2832
9885,2832
9886,2832
9888,2832
9889,2832
9890,2832
9891,2832
9892,2832
17766,2832
17767,2832
17768,2832
17769,2832
17770,2832
17771,2832
17772,2832
17773,2832
17774,2832
17775,2832
17776,2832
17777,2832
17778,2832
17779,2832
17780,2832
17740,2832
17741,2832
9864,2832
9933,2832
9934,2832
9935,2832
9936,2832
9937,2832
9938,2832
17793,2832
17794,2832
17795,2832
17796,2832
17797,2832
17798,2832
17799,2832
17800,2832
17782,2832
17783,2832
17784,2832
17785,2832
17781,2832
17742,2832
17743,2832
17744,2832
17745,2832
17746,2832
17747,2832
17748,2832
17749,2832
17750,2832
17751,2832
17752,2832
17753,2832
17754,2832
17755,2832
17756,2832
17757,2832
17758,2832
17759,2832
17760,2832
17761,2832
17762,2832
17763,2832
17764,2832
17765,2832
17677,2832
17678,2832
17679,2832
17680,2832
17681,2832
17682,2832
17683,2832
17684,2832
17685,2832
18935,2832
18936,2832
18937,2832
9887,2832
17652,2832
17653,2832
17654,2832
17655,2832
17656,2832
17657,2832
17658,2832
17659,2832
17660,2832
17661,2832
17662,2832
17663,2832
17664,2832
17665,2832
17666,2832
17667,2832
17668,2832
17669,2832
17670,2832
17671,2832
17672,2832
18930,2832
18931,2832
17633,2832
17634,2832
17635,2832
17636,2832
17637,2832
17638,2832
17639,2832
17640,2832
17641,2832
17642,2832
17643,2832
17644,2832
17645,2832
17646,2832
17647,2832
17648,2832
17649,2832
17650,2832
17651,2832
17786,2832
17787,2832
17788,2832
17789,2832
17790,2832
17791,2832
17792,2832
17707,2832
17708,2832
17709,2832
17710,2832
17686,2832
17687,2832
17688,2832
17689,2832
17690,2832
17691,2832
17692,2832
17693,2832
18934,2832
18932,2832
17673,2832
17674,2832
17675,2832
17676,2832
17732,2832
17733,2832
17734,2832
17735,2832
17736,2832
17737,2832
17738,2832
17711,2832
17712,2832
17713,2832
17714,2832
17715,2832
17716,2832
17717,2832
17718,2832
17719,2832
17720,2832
17721,2832
17722,2832
17723,2832
9865,2832
9866,2832
17694,2832
17695,2832
17696,2832
17697,2832
17698,2832
17699,2832
17700,2832
17701,2832
17702,2832
17703,2832
17704,2832
17705,2832
17706,2832
17724,2832
17725,2832
17726,2832
17727,2832
17728,2832
17729,2832
17730,2832
17731,2832
17739,2832
10204,2972
10382,3017
27394,3016
10327,3016
10328,3016
10332,3016
10331,3016
25214,3016
27404,3016
27405,3016
27406,3016
27407,3016
27408,3016
27409,3016
27410,3016
27411,3016
27412,3016
27413,3016
27414,3016
27415,3016
27416,3016
27417,3016
27418,3016
27419,3016
27420,3016
27421,3016
27422,3016
27423,3016
27424,3016
27425,3016
27426,3016
27427,3016
27428,3016
27429,3016
27430,3016
27431,3016
27432,3016
27433,3016
27434,3016
27435,3016
27436,3016
27437,3016
27398,3016
27399,3016
27400,3016
27401,3016
27402,3016
27403,3016
27375,3016
27376,3016
27377,3016
27378,3016
27379,3016
27380,3016
27381,3016
27382,3016
27383,3016
27384,3016
27385,3016
27386,3016
27387,3016
27388,3016
27389,3016
27390,3016
27391,3016
27392,3016
27393,3016
10311,3016
10312,3016
10313,3016
10314,3016
16043,3016
16044,3016
16045,3016
16049,3016
16050,3016
16051,3016
16052,3016
27395,3016
27396,3016
27397,3016
27360,3016
27361,3016
27362,3016
27363,3016
27364,3016
27365,3016
27366,3016
27367,3016
27368,3016
27369,3016
27370,3016
27371,3016
27372,3016
27373,3016
27374,3016
27438,3016
27439,3016
27440,3016
27359,3016
27340,3016
27341,3016
27342,3016
27343,3016
27344,3016
27345,3016
27346,3016
27347,3016
27348,3016
27349,3016
27350,3016
27351,3016
27352,3016
27353,3016
27354,3016
27355,3016
27356,3016
27357,3016
27358,3016
10315,3016
10316,3016
10317,3016
10318,3016
10319,3016
10320,3016
10321,3016
10322,3016
10323,3016
10324,3016
10325,3016
10326,3016
10364,3016
10365,3016
31418,3016
31419,3016
10274,3016
10275,3016
10276,3016
10277,3016
10278,3016
10279,3016
10280,3016
10281,3016
10282,3016
10283,3016
10284,3016
10285,3016
10286,3016
16057,3016
16058,3016
16059,3016
16060,3016
16061,3016
16062,3016
16063,3016
16064,3016
16065,3016
27451,3016
27452,3016
27453,3016
16053,3016
16054,3016
16055,3016
16056,3016
27441,3016
27442,3016
27443,3016
27444,3016
27445,3016
27446,3016
27447,3016
27448,3016
27449,3016
27450,3016
16036,3016
16037,3016
16038,3016
16039,3016
16040,3016
16041,3016
16042,3016
10347,3016
10348,3016
10349,3016
10351,3016
10352,3016
10353,3016
10354,3016
10355,3016
10356,3016
10357,3016
10358,3016
10359,3016
10309,3016
10310,3016
10333,3016
10334,3016
10335,3016
10287,3016
10288,3016
10289,3016
10290,3016
10256,3016
10257,3016
10258,3016
10259,3016
10260,3016
10261,3016
10262,3016
10263,3016
10362,3016
10338,3016
10339,3016
10340,3016
10341,3016
10342,3016
10343,3016
10344,3016
10346,3016
10291,3016
10292,3016
10293,3016
10294,3016
10295,3016
10296,3016
10297,3016
10298,3016
10299,3016
10300,3016
10301,3016
10302,3016
31417,3016
10264,3016
10265,3016
10266,3016
10267,3016
10269,3016
10270,3016
10271,3016
10272,3016
10273,3016
10361,3016
31415,3016
10336,3016
10366,3016
10370,3016
10371,3016
10372,3016
10373,3016
10369,3016
10303,3016
10304,3016
10305,3016
10306,3016
10307,3016
10308,3016
10367,3016
10368,3016
10363,3016
16131,3622
16588,3622
16133,3622
16132,3622
10392,3019
30336,3019
10394,3019
10395,3019
10419,3019
10420,3019
10421,3019
10422,3019
10396,3019
10397,3019
10398,3019
10399,3019
10400,3019
10401,3019
10402,3019
10403,3019
10385,3019
10386,3019
10387,3019
10388,3019
10389,3019
10390,3019
10391,3019
30337,3019
10393,3019
11255,3019
11254,3019
11253,3019
10404,3019
10405,3019
10406,3019
10408,3019
10407,3019
11249,3019
11250,3019
11251,3019
11252,3019
10674,3035
10675,3035
10701,3038
10700,3038
10745,3037
10746,3037
10748,3037
10749,3037
10750,3037
10751,3037
10752,3037
10753,3037
10754,3037
10755,3037
10756,3037
10762,3037
10761,3037
10763,3037
10764,3037
10765,3037
17971,3037
17972,3037
17973,3037
17974,3037
17959,3037
17960,3037
17961,3037
17962,3037
17963,3037
17964,3037
17965,3037
17966,3037
17967,3037
17968,3037
17969,3037
17970,3037
17954,3037
17955,3037
17956,3037
17957,3037
17958,3037
17948,3037
17949,3037
17950,3037
17951,3037
17952,3037
17953,3037
17947,3037
10773,3037
10774,3037
10775,3037
10767,3037
10768,3037
10769,3037
10770,3037
10771,3037
10766,3037
17810,3037
17811,3037
17812,3037
17813,3037
17801,3037
17802,3037
17803,3037
17804,3037
10734,3037
10727,3037
10728,3037
10729,3037
10730,3037
10731,3037
10732,3037
10733,3037
10726,3037
17815,3037
17816,3037
17817,3037
17818,3037
17819,3037
17820,3037
17821,3037
17822,3037
17823,3037
17929,3037
17930,3037
17931,3037
17932,3037
17933,3037
17934,3037
17935,3037
17936,3037
17937,3037
17938,3037
17939,3037
17940,3037
17941,3037
17942,3037
17943,3037
17944,3037
17945,3037
17946,3037
17923,3037
17924,3037
17925,3037
17926,3037
17927,3037
17928,3037
17898,3037
17899,3037
17900,3037
17901,3037
17902,3037
17903,3037
17904,3037
17905,3037
17906,3037
17907,3037
17908,3037
17909,3037
17910,3037
17911,3037
17912,3037
17913,3037
17914,3037
17915,3037
17916,3037
17917,3037
17918,3037
17919,3037
17920,3037
17921,3037
17922,3037
17805,3037
17806,3037
17807,3037
17808,3037
17809,3037
17863,3037
17824,3037
17825,3037
17826,3037
17827,3037
17828,3037
17829,3037
17830,3037
17862,3037
17872,3037
17873,3037
17874,3037
17875,3037
17876,3037
17877,3037
17878,3037
17879,3037
17880,3037
17881,3037
17882,3037
17883,3037
17884,3037
17885,3037
17886,3037
17887,3037
17888,3037
17889,3037
17890,3037
17891,3037
17892,3037
17893,3037
17894,3037
17895,3037
17896,3037
17897,3037
17814,3037
17833,3037
17834,3037
17835,3037
17836,3037
17837,3037
17838,3037
17839,3037
17840,3037
17841,3037
17842,3037
17843,3037
17844,3037
17845,3037
17831,3037
17832,3037
10689,3037
10690,3037
10691,3037
10692,3037
10693,3037
10694,3037
10735,3037
10736,3037
10737,3037
10739,3037
10740,3037
10741,3037
10742,3037
10743,3037
10744,3037
17865,3037
17866,3037
17867,3037
17868,3037
17869,3037
17870,3037
17871,3037
17846,3037
17847,3037
17848,3037
17849,3037
17850,3037
17851,3037
17852,3037
17853,3037
17854,3037
17855,3037
17856,3037
17857,3037
17858,3037
17859,3037
17860,3037
17861,3037
17864,3037
17975,3037
10810,3044
10913,3104
10995,3155
10996,3156
11006,3155
10992,3155
10994,3155
10993,3155
11007,3155
17990,3168
17991,3168
17992,3168
17993,3168
17994,3168
17995,3168
17996,3168
17997,3168
17998,3168
17999,3168
18000,3168
18001,3168
18002,3168
18003,3168
11061,3168
11062,3168
11063,3168
11064,3168
11065,3168
11066,3168
11067,3168
11068,3168
11069,3168
11070,3168
11071,3168
11072,3168
11073,3168
11074,3168
11075,3168
18024,3168
18025,3168
18026,3168
18027,3168
18028,3168
18029,3168
18030,3168
18031,3168
18032,3168
18033,3168
18034,3168
18035,3168
18036,3168
18037,3168
18038,3168
18039,3168
18040,3168
18041,3168
18004,3168
18005,3168
18006,3168
18007,3168
18008,3168
18009,3168
18010,3168
18011,3168
18012,3168
18013,3168
18014,3168
18015,3168
18016,3168
18017,3168
18018,3168
18019,3168
18020,3168
18021,3168
18022,3168
18023,3168
17979,3168
17980,3168
17981,3168
17982,3168
17983,3168
17984,3168
17985,3168
17986,3168
17987,3168
17988,3168
17989,3168
18044,3168
18045,3168
18046,3168
18047,3168
18048,3168
18049,3168
18050,3168
18051,3168
18052,3168
18053,3168
18054,3168
11047,3168
11048,3168
11049,3168
11050,3168
11051,3168
11052,3168
11076,3168
11045,3168
17976,3168
18042,3168
18043,3168
11021,3168
11022,3168
11023,3168
11024,3168
11025,3168
11026,3168
11027,3168
11028,3168
11029,3168
11030,3168
11031,3168
11032,3168
11033,3168
11034,3168
11035,3168
11036,3168
11037,3168
11038,3168
11039,3168
11040,3168
11041,3168
11042,3168
11043,3168
11044,3168
11248,3168
11054,3168
11053,3168
17977,3168
17978,3168
11055,3168
11056,3168
11057,3168
11058,3168
11059,3168
11060,3168
16046,3598
16047,3598
11160,3228
18993,3228
18992,3228
11398,3228
11399,3228
11400,3228
11401,3228
11402,3228
11403,3228
11404,3228
11405,3228
11406,3228
11407,3228
11408,3228
11409,3228
11410,3228
11411,3228
11163,3228
18974,3228
18975,3228
18985,3228
18980,3228
11396,3228
11397,3228
18994,3228
18995,3228
18996,3228
18997,3228
18998,3228
18999,3228
19000,3228
18976,3228
18977,3228
18978,3228
18979,3228
18981,3228
18982,3228
18983,3228
18984,3228
18986,3228
18987,3228
18988,3228
18989,3228
18990,3228
18991,3228
11162,3228
11161,3228
11177,3248
11176,3248
11175,3248
19575,3248
15646,3248
15645,3248
11266,3293
11267,3293
11256,3293
11269,3293
11270,3293
11268,3293
11395,3348
16048,3599
11679,3382
15749,3505
16066,3601
16077,3601
15748,3586
15722,3558
15721,3558
15720,3558
15751,3587
15750,3587
15752,3588
15753,3589
16129,3621
16130,3621
16127,3621
16126,3621
16128,3621
16134,3623
16374,3623
16373,3623
16163,3647
25664,3647
16162,3647
16161,3647
16160,3647
16181,3647
16180,3647
16179,3647
16178,3647
16177,3647
16175,3647
16167,3647
16168,3647
16169,3647
16155,3647
16156,3647
16157,3647
16158,3647
16159,3647
16164,3647
16170,3647
16171,3647
16172,3647
16174,3647
16306,3691
16305,3691
16304,3691
16303,3691
16302,3691
16308,3691
25666,3691
25665,3691
16307,3691
16309,3691
16301,3691
16310,3692
16800,4312
16334,4312
16802,4312
16803,4312
16804,4312
16318,4312
16321,4312
16322,4312
16323,4312
16324,4312
16339,4312
16805,4312
16810,4312
16811,4312
16327,4312
16335,4312
16336,4312
16337,4312
16338,4312
16326,4312
16328,4312
16329,4312
16330,4312
16331,4312
16332,4312
16333,4312
16801,4312
16971,4356
16970,4356
16550,4376
16551,4376
16552,4376
16553,4376
16549,4376
16555,4376
16546,4376
16548,4376
16554,4376
16820,4418
16631,4418
16632,4418
16545,4418
16630,4418
16557,4419
16780,4482
16711,4443
27538,4440
18134,4440
27478,4440
27479,4440
27480,4440
27481,4440
27482,4440
27483,4440
27484,4440
27485,4440
27486,4440
27487,4440
27488,4440
27489,4440
27490,4440
27491,4440
27492,4440
27493,4440
27494,4440
27495,4440
27461,4440
27462,4440
27463,4440
27464,4440
27465,4440
27466,4440
27467,4440
27468,4440
27469,4440
27470,4440
27471,4440
27472,4440
27473,4440
27474,4440
27475,4440
27476,4440
27477,4440
18113,4440
18075,4440
18076,4440
18077,4440
18078,4440
18079,4440
18080,4440
18081,4440
18082,4440
18083,4440
18084,4440
18085,4440
18086,4440
18087,4440
18088,4440
18089,4440
18090,4440
18091,4440
18092,4440
18093,4440
18094,4440
18095,4440
18096,4440
18097,4440
18098,4440
18099,4440
18100,4440
18101,4440
18102,4440
18103,4440
18104,4440
18105,4440
18106,4440
18107,4440
18482,4440
18472,4440
18473,4440
18474,4440
18475,4440
18476,4440
18477,4440
18478,4440
18479,4440
18480,4440
18481,4440
18484,4440
18485,4440
18486,4440
18487,4440
18488,4440
18489,4440
18490,4440
18491,4440
18492,4440
18493,4440
18494,4440
18495,4440
18496,4440
18497,4440
18498,4440
18499,4440
18500,4440
18501,4440
18502,4440
18057,4440
18058,4440
18059,4440
18060,4440
18061,4440
18062,4440
18063,4440
18064,4440
18065,4440
18066,4440
18067,4440
18068,4440
18069,4440
18070,4440
18071,4440
18072,4440
18073,4440
18074,4440
18055,4440
18056,4440
18471,4440
18445,4440
18446,4440
18447,4440
18448,4440
18449,4440
18450,4440
18451,4440
18452,4440
18453,4440
18454,4440
18455,4440
18456,4440
18457,4440
18458,4440
18459,4440
18460,4440
18461,4440
18462,4440
18463,4440
18464,4440
18465,4440
18466,4440
18467,4440
18468,4440
18469,4440
18470,4440
18438,4440
18439,4440
18440,4440
18441,4440
18442,4440
18443,4440
18444,4440
18115,4440
18116,4440
18117,4440
18114,4440
18108,4440
18109,4440
18110,4440
18111,4440
18112,4440
18278,4440
18280,4440
18281,4440
18282,4440
18283,4440
18284,4440
18285,4440
18286,4440
18287,4440
18288,4440
18289,4440
18290,4440
18291,4440
18292,4440
18293,4440
18294,4440
18295,4440
18296,4440
18297,4440
18298,4440
18299,4440
18300,4440
18301,4440
18302,4440
18303,4440
16589,4440
16590,4440
16591,4440
16592,4440
16593,4440
16594,4440
16595,4440
16596,4440
16597,4440
18263,4440
18264,4440
18265,4440
18279,4440
30642,4440
18483,4440
31982,4440
16677,4440
16678,4440
16679,4440
16680,4440
16681,4440
16682,4440
16683,4440
16684,4440
16685,4440
16686,4440
16687,4440
16688,4440
16689,4440
16690,4440
18306,4440
18307,4440
18308,4440
18309,4440
18310,4440
18311,4440
16643,4440
16644,4440
16645,4440
16647,4440
16648,4440
16649,4440
16650,4440
16651,4440
16652,4440
16637,4440
16638,4440
16639,4440
16640,4440
16641,4440
16642,4440
18304,4440
18305,4440
16698,4440
16721,4440
16722,4440
16723,4440
16724,4440
16726,4440
16728,4440
16729,4440
16730,4440
18266,4440
18267,4440
18268,4440
18269,4440
18270,4440
18271,4440
18272,4440
18273,4440
18274,4440
18275,4440
18276,4440
18277,4440
16742,4440
16743,4440
16744,4440
16745,4440
16746,4440
18313,4440
18314,4440
18315,4440
18316,4440
18317,4440
18318,4440
18319,4440
18320,4440
18321,4440
18322,4440
18323,4440
18324,4440
18325,4440
18326,4440
18327,4440
18328,4440
18329,4440
18330,4440
18331,4440
18332,4440
18333,4440
18334,4440
16691,4440
16692,4440
16693,4440
16694,4440
16695,4440
16696,4440
16697,4440
16653,4440
16654,4440
16655,4440
16656,4440
16657,4440
16658,4440
16659,4440
16660,4440
16661,4440
16662,4440
16663,4440
16664,4440
16665,4440
16666,4440
16667,4440
16668,4440
16669,4440
16670,4440
16671,4440
16672,4440
16673,4440
16674,4440
16675,4440
16676,4440
18179,4440
18180,4440
18181,4440
18349,4440
18350,4440
18351,4440
18352,4440
18353,4440
18354,4440
18355,4440
18312,4440
18356,4440
18357,4440
18358,4440
18359,4440
18360,4440
18361,4440
18362,4440
18363,4440
18335,4440
18336,4440
18337,4440
18338,4440
18339,4440
18340,4440
18341,4440
18342,4440
18343,4440
18344,4440
18345,4440
18346,4440
18347,4440
18348,4440
16633,4440
16634,4440
16635,4440
16636,4440
16733,4440
16734,4440
16735,4440
16736,4440
16737,4440
16738,4440
16739,4440
16731,4440
16732,4440
16740,4440
16741,4440
18205,4440
18206,4440
18207,4440
18214,4440
18215,4440
18216,4440
18217,4440
18218,4440
18118,4440
18119,4440
18120,4440
18121,4440
18122,4440
18123,4440
18124,4440
18125,4440
18126,4440
18127,4440
18209,4440
18210,4440
18211,4440
18212,4440
18213,4440
18182,4440
18183,4440
18184,4440
18185,4440
18164,4440
18165,4440
18166,4440
18167,4440
18168,4440
18169,4440
18170,4440
18171,4440
18172,4440
18173,4440
18174,4440
18175,4440
18176,4440
18177,4440
18178,4440
18404,4440
18405,4440
18406,4440
18407,4440
18408,4440
18409,4440
18410,4440
18411,4440
18412,4440
18413,4440
18414,4440
18415,4440
18416,4440
18417,4440
18418,4440
18419,4440
18420,4440
18421,4440
18422,4440
18423,4440
18424,4440
18425,4440
18426,4440
18427,4440
18428,4440
18396,4440
18397,4440
18398,4440
18399,4440
18400,4440
18401,4440
18402,4440
18403,4440
18163,4440
18128,4440
18129,4440
18130,4440
18186,4440
18187,4440
18188,4440
18189,4440
18190,4440
18191,4440
18192,4440
18193,4440
18194,4440
18195,4440
18196,4440
18197,4440
18198,4440
18199,4440
18200,4440
18201,4440
18202,4440
18203,4440
18204,4440
16614,4440
16615,4440
16616,4440
16617,4440
16618,4440
16619,4440
16620,4440
16621,4440
16622,4440
16624,4440
16625,4440
16626,4440
16598,4440
16599,4440
16600,4440
16601,4440
16602,4440
16603,4440
16604,4440
16605,4440
16606,4440
16607,4440
16608,4440
16609,4440
16610,4440
16611,4440
16612,4440
16613,4440
18219,4440
18220,4440
18221,4440
18222,4440
18223,4440
18224,4440
18225,4440
18226,4440
18227,4440
18228,4440
18229,4440
18230,4440
18231,4440
18232,4440
18233,4440
18234,4440
18235,4440
18236,4440
18237,4440
18238,4440
18239,4440
18240,4440
18241,4440
18242,4440
18243,4440
18244,4440
18245,4440
18246,4440
18247,4440
18152,4440
18153,4440
18154,4440
18155,4440
18156,4440
18157,4440
18158,4440
18159,4440
18160,4440
18161,4440
18162,4440
18248,4440
18249,4440
18250,4440
18251,4440
18252,4440
18253,4440
18254,4440
18255,4440
18256,4440
18257,4440
18258,4440
18259,4440
18260,4440
18261,4440
18262,4440
18208,4440
18131,4440
18132,4440
18133,4440
18135,4440
18136,4440
18137,4440
18138,4440
18139,4440
18140,4440
18141,4440
18142,4440
18143,4440
18144,4440
18145,4440
18146,4440
18147,4440
18148,4440
18149,4440
18150,4440
18151,4440
18429,4440
18430,4440
18431,4440
18432,4440
18433,4440
18434,4440
18435,4440
18436,4440
18437,4440
27454,4440
27455,4440
27456,4440
27457,4440
27458,4440
27459,4440
27460,4440
25452,4440
16720,4440
18364,4440
18365,4440
18366,4440
18367,4440
18368,4440
18369,4440
18370,4440
18371,4440
18372,4440
18373,4440
18374,4440
18375,4440
18376,4440
18377,4440
18378,4440
18379,4440
18380,4440
18381,4440
18382,4440
18383,4440
18384,4440
18385,4440
18386,4440
18387,4440
18388,4440
18389,4440
18390,4440
18391,4440
18392,4440
18393,4440
18394,4440
18395,4440
16627,4441
16754,4442
16750,4442
16751,4442
16752,4442
16753,4442
16755,4442
16756,4442
16757,4442
16758,4442
16772,4442
16773,4442
16774,4442
16699,4442
16767,4442
16768,4442
16769,4442
16770,4442
16771,4442
16762,4442
16763,4442
16764,4442
16765,4442
16766,4442
16700,4442
16701,4442
16702,4442
16703,4442
16704,4442
16705,4442
16706,4442
16708,4442
16761,4442
16646,4442
16709,4442
16710,4442
16759,4442
16760,4442
32196,5611
16881,4523
16880,4523
16862,4523
16861,4523
16860,4523
16850,4522
16863,4523
16870,4542
32145,4622
32130,4622
32131,4622
32132,4622
32133,4622
32137,4622
32136,4622
32138,4622
32139,4622
32140,4622
32128,4622
16950,4622
16940,4622
16941,4622
16942,4622
32144,4622
32143,4622
32142,4622
32141,4622
32129,4622
32135,4622
25217,4622
16960,4622
32134,4622
25216,4622
17191,4782
17192,4782
17088,4682
17090,4682
17092,4682
29955,4682
17040,4682
17022,4682
17051,4682
17053,4682
17046,4682
17116,4682
17124,4682
17030,4682
17036,4682
17029,4682
17024,4682
17062,4682
17171,4682
17174,4682
17178,4682
18634,4682
17070,4682
17086,4682
17031,4682
17004,4682
17119,4682
17120,4682
17095,4682
17098,4682
18584,4682
18585,4682
18586,4682
18587,4682
18588,4682
18589,4682
18590,4682
18591,4682
18592,4682
16996,4682
17000,4682
17001,4682
17002,4682
17003,4682
17005,4682
17006,4682
17007,4682
17008,4682
17009,4682
17010,4682
17014,4682
17015,4682
17016,4682
17023,4682
17026,4682
18509,4682
18510,4682
18511,4682
18512,4682
17094,4682
18503,4682
18504,4682
18505,4682
18506,4682
18507,4682
18508,4682
18605,4682
18606,4682
18607,4682
17078,4682
17079,4682
18601,4682
18602,4682
18603,4682
18604,4682
17072,4682
29954,4682
32317,4682
32318,4682
32282,4682
32283,4682
32284,4682
32285,4682
32290,4682
32291,4682
32292,4682
32293,4682
32310,4682
32311,4682
32312,4682
32313,4682
32314,4682
32315,4682
32316,4682
32309,4682
16994,4682
32302,4682
32280,4682
32281,4682
16983,4682
16981,4682
18593,4682
18594,4682
18595,4682
18596,4682
18597,4682
18598,4682
18599,4682
18600,4682
18575,4682
18576,4682
18577,4682
18578,4682
18579,4682
18580,4682
18581,4682
18582,4682
18583,4682
18668,4682
32319,4682
32320,4682
32301,4682
32303,4682
32304,4682
32305,4682
32306,4682
32307,4682
32308,4682
18707,4682
18708,4682
18709,4682
18710,4682
18665,4682
18666,4682
18667,4682
18669,4682
18670,4682
18671,4682
18672,4682
18673,4682
17027,4682
17012,4682
17028,4682
17011,4682
17033,4682
32299,4682
32300,4682
32286,4682
32287,4682
32288,4682
32289,4682
32279,4682
32294,4682
32295,4682
32296,4682
32297,4682
32298,4682
32321,4682
32322,4682
32323,4682
32324,4682
32325,4682
32326,4682
18732,4682
18733,4682
18734,4682
18735,4682
18736,4682
18737,4682
18738,4682
18739,4682
18740,4682
18741,4682
17081,4682
17082,4682
17083,4682
17084,4682
17085,4682
17087,4682
17089,4682
17091,4682
17093,4682
17152,4682
17153,4682
17154,4682
18711,4682
18712,4682
18713,4682
18714,4682
18715,4682
18716,4682
18674,4682
18675,4682
18676,4682
18677,4682
18678,4682
18679,4682
18680,4682
18681,4682
18682,4682
18683,4682
18684,4682
18685,4682
18686,4682
18687,4682
18688,4682
18689,4682
18690,4682
18742,4682
18702,4682
18703,4682
18704,4682
18705,4682
18706,4682
18744,4682
18745,4682
18746,4682
18747,4682
18748,4682
18749,4682
18750,4682
18751,4682
18752,4682
18753,4682
18754,4682
18755,4682
18756,4682
18757,4682
18758,4682
18759,4682
18760,4682
18761,4682
18762,4682
18763,4682
18764,4682
18765,4682
18766,4682
18767,4682
18768,4682
18769,4682
18770,4682
18771,4682
18772,4682
18773,4682
18774,4682
18775,4682
18776,4682
18777,4682
17076,4682
17172,4682
17173,4682
17175,4682
17176,4682
17177,4682
17077,4682
17013,4682
17071,4682
17073,4682
17074,4682
17075,4682
18717,4682
18718,4682
18719,4682
18720,4682
18721,4682
18722,4682
18723,4682
18724,4682
18725,4682
18726,4682
18727,4682
18728,4682
18729,4682
18730,4682
18731,4682
18805,4682
18806,4682
18807,4682
18808,4682
17099,4682
17100,4682
17101,4682
17102,4682
17141,4682
18793,4682
18912,4682
18913,4682
18914,4682
18915,4682
18917,4682
18918,4682
18919,4682
17251,4682
18897,4682
18898,4682
18899,4682
18900,4682
18901,4682
18902,4682
18903,4682
18904,4682
18905,4682
18906,4682
18907,4682
18908,4682
18909,4682
18910,4682
18911,4682
17179,4682
18778,4682
18779,4682
18780,4682
18781,4682
18782,4682
18783,4682
18784,4682
18785,4682
18786,4682
18787,4682
18788,4682
18789,4682
18790,4682
18791,4682
18792,4682
17017,4682
17018,4682
17019,4682
17020,4682
17021,4682
18743,4682
17122,4682
17123,4682
17125,4682
18657,4682
18658,4682
18659,4682
18660,4682
18661,4682
18662,4682
18663,4682
18664,4682
16990,4682
16991,4682
16992,4682
16993,4682
16980,4682
16984,4682
16985,4682
16986,4682
16987,4682
16988,4682
16989,4682
18833,4682
18809,4682
18810,4682
18811,4682
18812,4682
18813,4682
18814,4682
18815,4682
18816,4682
18817,4682
18818,4682
18819,4682
18820,4682
18821,4682
18822,4682
18823,4682
18824,4682
18825,4682
18826,4682
18827,4682
18828,4682
18829,4682
18830,4682
18831,4682
18832,4682
17103,4682
17104,4682
17105,4682
17106,4682
18794,4682
18795,4682
18796,4682
18797,4682
18798,4682
18799,4682
18800,4682
18801,4682
18802,4682
18803,4682
18804,4682
18890,4682
18891,4682
18892,4682
18893,4682
18894,4682
18895,4682
18896,4682
17151,4682
18860,4682
18861,4682
18862,4682
18863,4682
18864,4682
18865,4682
18866,4682
18867,4682
18868,4682
18869,4682
18870,4682
18871,4682
18872,4682
18873,4682
18874,4682
18875,4682
18876,4682
18877,4682
18878,4682
18879,4682
18880,4682
18881,4682
18882,4682
18883,4682
18884,4682
18885,4682
18886,4682
18887,4682
18888,4682
18889,4682
17108,4682
17109,4682
17110,4682
17111,4682
17112,4682
17113,4682
17114,4682
17115,4682
17117,4682
17118,4682
17121,4682
18835,4682
18836,4682
18837,4682
18838,4682
18839,4682
18840,4682
18841,4682
18842,4682
18843,4682
18844,4682
18845,4682
18846,4682
18847,4682
18848,4682
18849,4682
18694,4682
18695,4682
18691,4682
18696,4682
18697,4682
18698,4682
18699,4682
18700,4682
18701,4682
18653,4682
18654,4682
18655,4682
18656,4682
18692,4682
18693,4682
17096,4682
17097,4682
16995,4682
18622,4682
18623,4682
18624,4682
18625,4682
18626,4682
18627,4682
18628,4682
18629,4682
18630,4682
18631,4682
18632,4682
18633,4682
18635,4682
18636,4682
18637,4682
18638,4682
18639,4682
18640,4682
18641,4682
18642,4682
18643,4682
18644,4682
18645,4682
18646,4682
18647,4682
18648,4682
18649,4682
18650,4682
18651,4682
18652,4682
17042,4682
17043,4682
17044,4682
17045,4682
17047,4682
17048,4682
17049,4682
17050,4682
17052,4682
17054,4682
17055,4682
17056,4682
17057,4682
17058,4682
17059,4682
18611,4682
18612,4682
18613,4682
18614,4682
18615,4682
18616,4682
18617,4682
18618,4682
18619,4682
18620,4682
18621,4682
18850,4682
18851,4682
18852,4682
18853,4682
18854,4682
18855,4682
18856,4682
18857,4682
18858,4682
18859,4682
18608,4682
18609,4682
18610,4682
17080,4682
17060,4682
17061,4682
18834,4682
18523,4682
18524,4682
18525,4682
18526,4682
18527,4682
18528,4682
18529,4682
17032,4682
17034,4682
17035,4682
17037,4682
17038,4682
17039,4682
17041,4682
25475,4682
25476,4682
25477,4682
17161,4682
17133,4682
25469,4682
25470,4682
25471,4682
25472,4682
25473,4682
25474,4682
25486,4682
25479,4682
25480,4682
25481,4682
25482,4682
25483,4682
25484,4682
25121,4682
25229,4682
25485,4682
25147,4682
18916,4682
27539,4682
18568,4682
18569,4682
18559,4682
18560,4682
18561,4682
18562,4682
18563,4682
18564,4682
18565,4682
18566,4682
18567,4682
17138,4682
17139,4682
18551,4682
18552,4682
18553,4682
18554,4682
18555,4682
18556,4682
18557,4682
18558,4682
17131,4682
17132,4682
17134,4682
17135,4682
17136,4682
17137,4682
18539,4682
18540,4682
18541,4682
18542,4682
18543,4682
18544,4682
18545,4682
18546,4682
18547,4682
18548,4682
18549,4682
18550,4682
18537,4682
18538,4682
18570,4682
18571,4682
18572,4682
18573,4682
18574,4682
18530,4682
18531,4682
18532,4682
18533,4682
18534,4682
18535,4682
18536,4682
18513,4682
18514,4682
18515,4682
18516,4682
18517,4682
18518,4682
18519,4682
18520,4682
18521,4682
18522,4682
17143,4722
17142,4722
17186,4763
17181,4763
17182,4763
17183,4763
17185,4763
17184,4763
17193,4762
25220,5443
17252,4822
17321,4902
17471,5222
17565,5343
28529,5342
28530,5342
28532,5342
28533,5342
28534,5342
28535,5342
28536,5342
28509,5342
28510,5342
28511,5342
28512,5342
28517,5342
28518,5342
28519,5342
28537,5342
28538,5342
28539,5342
28540,5342
28541,5342
28542,5342
28543,5342
28544,5342
28545,5342
28546,5342
28547,5342
28513,5342
28514,5342
28515,5342
28516,5342
28520,5342
28521,5342
30954,5342
30955,5342
30956,5342
30957,5342
30958,5342
30959,5342
30960,5342
30961,5342
30654,5342
30936,5342
30937,5342
30938,5342
30939,5342
31030,5342
31031,5342
31032,5342
31033,5342
31034,5342
31035,5342
31036,5342
31037,5342
31038,5342
31039,5342
31040,5342
30652,5342
30653,5342
30650,5342
30651,5342
30921,5342
30922,5342
30923,5342
30924,5342
30925,5342
30926,5342
30927,5342
30928,5342
17561,5342
17562,5342
17563,5342
17564,5342
17592,5342
30973,5342
17591,5342
17595,5342
17571,5342
17572,5342
17573,5342
17574,5342
17575,5342
17576,5342
17577,5342
17578,5342
17579,5342
17580,5342
17581,5342
17582,5342
17594,5342
28522,5342
28523,5342
28524,5342
28525,5342
28526,5342
28527,5342
28528,5342
31028,5342
31029,5342
30754,5342
30755,5342
30756,5342
30757,5342
28652,5342
28653,5342
28654,5342
28655,5342
28656,5342
28657,5342
28658,5342
30940,5342
30941,5342
30942,5342
30943,5342
30944,5342
30945,5342
30946,5342
30947,5342
30948,5342
30949,5342
30950,5342
30912,5342
30913,5342
30914,5342
30915,5342
30916,5342
30917,5342
30918,5342
30919,5342
30920,5342
30929,5342
30930,5342
30931,5342
30932,5342
30933,5342
30934,5342
30935,5342
30655,5342
30656,5342
30657,5342
30658,5342
30659,5342
30660,5342
30661,5342
30662,5342
30663,5342
30664,5342
30665,5342
30666,5342
30667,5342
30885,5342
30886,5342
30887,5342
30888,5342
30889,5342
30890,5342
30891,5342
30892,5342
30951,5342
30952,5342
30953,5342
30753,5342
30962,5342
30963,5342
30964,5342
30965,5342
30966,5342
30967,5342
30968,5342
30969,5342
30970,5342
30971,5342
30688,5342
30689,5342
30690,5342
30691,5342
30692,5342
30693,5342
30893,5342
30894,5342
30895,5342
30896,5342
30897,5342
30898,5342
30899,5342
30900,5342
30901,5342
30902,5342
30668,5342
30669,5342
30670,5342
30671,5342
30672,5342
30673,5342
30674,5342
30675,5342
30676,5342
30677,5342
30678,5342
30679,5342
30680,5342
30681,5342
30682,5342
30683,5342
30684,5342
30685,5342
30686,5342
30687,5342
30908,5342
30909,5342
30910,5342
30911,5342
31015,5342
31016,5342
31017,5342
31018,5342
31019,5342
31020,5342
31021,5342
31022,5342
31023,5342
31024,5342
31025,5342
31026,5342
31027,5342
30701,5342
30702,5342
30703,5342
30704,5342
30705,5342
30706,5342
30707,5342
30708,5342
30709,5342
30710,5342
30711,5342
30712,5342
30713,5342
30714,5342
30715,5342
30694,5342
30695,5342
30696,5342
30697,5342
30698,5342
30699,5342
30700,5342
28632,5342
28633,5342
28634,5342
28635,5342
28636,5342
30866,5342
30867,5342
30868,5342
30874,5342
30875,5342
30876,5342
30877,5342
30878,5342
30879,5342
30880,5342
30881,5342
30882,5342
30883,5342
30906,5342
30907,5342
31004,5342
31005,5342
31006,5342
31007,5342
31008,5342
31009,5342
31010,5342
31011,5342
31012,5342
31013,5342
31014,5342
30758,5342
30759,5342
30760,5342
30761,5342
30884,5342
30865,5342
30903,5342
30747,5342
30748,5342
30751,5342
30752,5342
28637,5342
28639,5342
28640,5342
28641,5342
28642,5342
28643,5342
28644,5342
28645,5342
28646,5342
28647,5342
28648,5342
28649,5342
28651,5342
30716,5342
30717,5342
30718,5342
30719,5342
30720,5342
30721,5342
30722,5342
30723,5342
30724,5342
30725,5342
30726,5342
30727,5342
30728,5342
30729,5342
30972,5342
30988,5342
30989,5342
30990,5342
30991,5342
30992,5342
30993,5342
30994,5342
30995,5342
30996,5342
30997,5342
30998,5342
30999,5342
31000,5342
31001,5342
31002,5342
31003,5342
30904,5342
30905,5342
28531,5342
30730,5342
30731,5342
30732,5342
30733,5342
30734,5342
30735,5342
30736,5342
30737,5342
30738,5342
30739,5342
30740,5342
30741,5342
30742,5342
30743,5342
30744,5342
30745,5342
30746,5342
18922,5402
18925,5402
18923,5402
18924,5402
18926,5403
18929,5403
18928,5403
18927,5403
19453,5419
18973,5406
19019,5412
19020,5412
19021,5412
19022,5412
19016,5412
19024,5412
19025,5412
19026,5412
19018,5412
19017,5412
19023,5412
21177,5413
21178,5413
21179,5413
21180,5413
19207,5413
19194,5413
19208,5413
19209,5413
19210,5413
19211,5413
19212,5413
19213,5413
19214,5413
19215,5413
19218,5413
19233,5413
19237,5413
19239,5413
19262,5413
19263,5413
19265,5413
19266,5413
19267,5413
19270,5413
19272,5413
19281,5413
19283,5413
19284,5413
19285,5413
19287,5413
19288,5413
19289,5413
24178,5413
24179,5413
24180,5413
24181,5413
24182,5413
23639,5413
24913,5413
24914,5413
24915,5413
24916,5413
24917,5413
24918,5413
24919,5413
24920,5413
24921,5413
24922,5413
24923,5413
24924,5413
24925,5413
19103,5413
25101,5413
25148,5413
23511,5413
23512,5413
23513,5413
23514,5413
23515,5413
23516,5413
23517,5413
23518,5413
23519,5413
23520,5413
24061,5413
24062,5413
24063,5413
24064,5413
24065,5413
24066,5413
24067,5413
24068,5413
24069,5413
21168,5413
21169,5413
21170,5413
21171,5413
21172,5413
21173,5413
21174,5413
21175,5413
21176,5413
22972,5413
22973,5413
22974,5413
22975,5413
22976,5413
22977,5413
22978,5413
22979,5413
22980,5413
23521,5413
23522,5413
23523,5413
23524,5413
23525,5413
23526,5413
23527,5413
23528,5413
21584,5413
21585,5413
21586,5413
21587,5413
21588,5413
21145,5413
21146,5413
21147,5413
21148,5413
21149,5413
21150,5413
21151,5413
21152,5413
21153,5413
21154,5413
21155,5413
21156,5413
21157,5413
21158,5413
21159,5413
21160,5413
21161,5413
21162,5413
21163,5413
21164,5413
21165,5413
21166,5413
21167,5413
23619,5413
23620,5413
23621,5413
23622,5413
23623,5413
23624,5413
23625,5413
23626,5413
23627,5413
23628,5413
24169,5413
24170,5413
24171,5413
24172,5413
24173,5413
24174,5413
24175,5413
24176,5413
24177,5413
20342,5413
20343,5413
20344,5413
20345,5413
20346,5413
23071,5413
23072,5413
23073,5413
23074,5413
23075,5413
23076,5413
23077,5413
23078,5413
23079,5413
23080,5413
23081,5413
23082,5413
23083,5413
23084,5413
23085,5413
23086,5413
23087,5413
23088,5413
23629,5413
23630,5413
23631,5413
23632,5413
23633,5413
23634,5413
23635,5413
23636,5413
23637,5413
23638,5413
24522,5413
24523,5413
24524,5413
24525,5413
24526,5413
24527,5413
24528,5413
25154,5413
22969,5413
22970,5413
22971,5413
24944,5413
24496,5413
24497,5413
24498,5413
24499,5413
24500,5413
24501,5413
24502,5413
24503,5413
24504,5413
24505,5413
24506,5413
24507,5413
24508,5413
24509,5413
24510,5413
24511,5413
24512,5413
24513,5413
24514,5413
24515,5413
24516,5413
24517,5413
24518,5413
24519,5413
24520,5413
24521,5413
21016,5413
21017,5413
21018,5413
21019,5413
21020,5413
21021,5413
21022,5413
21023,5413
21024,5413
21025,5413
21026,5413
21027,5413
21028,5413
21029,5413
21030,5413
21031,5413
21032,5413
21033,5413
21034,5413
21035,5413
21036,5413
21577,5413
21578,5413
21579,5413
21580,5413
21581,5413
21582,5413
21583,5413
21454,5413
21455,5413
21456,5413
21457,5413
21458,5413
21014,5413
21015,5413
22044,5413
20317,5413
20318,5413
20319,5413
20320,5413
20321,5413
20322,5413
20323,5413
20324,5413
20325,5413
20326,5413
20327,5413
20328,5413
20329,5413
20330,5413
20331,5413
20332,5413
20333,5413
20334,5413
20335,5413
20336,5413
20337,5413
20338,5413
20339,5413
20340,5413
20341,5413
19896,5413
19897,5413
23489,5413
23490,5413
23491,5413
23492,5413
23493,5413
23494,5413
23495,5413
23496,5413
23497,5413
23498,5413
23499,5413
23500,5413
23501,5413
23502,5413
23503,5413
23504,5413
23505,5413
23506,5413
23507,5413
23508,5413
23509,5413
23510,5413
23065,5413
23066,5413
23067,5413
23068,5413
23069,5413
23070,5413
24943,5413
25042,5413
25043,5413
22936,5413
22937,5413
22938,5413
22939,5413
22940,5413
22941,5413
22942,5413
22943,5413
22944,5413
23485,5413
23486,5413
23487,5413
23488,5413
24374,5413
24375,5413
24376,5413
24377,5413
24378,5413
24379,5413
24380,5413
24381,5413
24382,5413
24383,5413
24384,5413
24926,5413
24927,5413
24928,5413
24929,5413
24930,5413
24931,5413
24932,5413
24933,5413
24934,5413
24935,5413
24936,5413
24937,5413
24938,5413
24939,5413
24940,5413
24941,5413
24942,5413
21433,5413
21434,5413
21435,5413
21436,5413
21437,5413
21438,5413
21439,5413
21440,5413
21441,5413
21442,5413
21443,5413
21444,5413
21445,5413
21446,5413
21447,5413
21448,5413
21449,5413
21450,5413
21451,5413
21452,5413
21453,5413
19195,5413
19196,5413
19197,5413
19198,5413
19199,5413
19200,5413
19201,5413
19202,5413
19203,5413
19204,5413
19205,5413
19206,5413
20884,5413
20885,5413
20886,5413
20887,5413
20888,5413
20889,5413
20890,5413
20891,5413
20892,5413
21038,5413
21039,5413
21040,5413
21041,5413
21042,5413
21043,5413
21044,5413
21045,5413
21046,5413
21047,5413
21214,5413
21215,5413
21216,5413
21757,5413
21758,5413
21759,5413
21760,5413
21761,5413
21762,5413
21763,5413
21764,5413
21765,5413
21766,5413
21767,5413
21768,5413
21769,5413
21770,5413
21771,5413
24488,5413
24489,5413
24490,5413
24491,5413
24492,5413
25034,5413
25035,5413
25036,5413
25037,5413
25038,5413
25039,5413
25040,5413
25041,5413
24905,5413
24906,5413
24907,5413
24908,5413
24909,5413
24910,5413
24911,5413
24912,5413
24468,5413
24469,5413
24470,5413
24471,5413
24472,5413
24473,5413
24474,5413
24475,5413
24476,5413
24477,5413
24478,5413
24479,5413
24480,5413
24481,5413
24482,5413
24483,5413
24484,5413
24485,5413
24486,5413
24487,5413
22532,5413
22533,5413
22534,5413
22535,5413
22536,5413
22537,5413
22538,5413
22539,5413
22540,5413
22541,5413
22542,5413
22543,5413
22544,5413
22545,5413
22546,5413
22547,5413
22548,5413
24369,5413
24370,5413
24371,5413
24372,5413
24373,5413
22525,5413
22526,5413
22527,5413
22528,5413
22529,5413
22530,5413
22531,5413
20593,5413
20594,5413
20595,5413
20596,5413
20597,5413
20598,5413
20599,5413
20600,5413
20601,5413
20602,5413
20603,5413
20604,5413
20625,5413
20626,5413
20627,5413
20628,5413
20629,5413
20630,5413
20631,5413
20632,5413
20633,5413
20634,5413
20635,5413
20636,5413
20637,5413
22034,5413
22035,5413
22036,5413
22037,5413
22038,5413
22039,5413
22040,5413
22041,5413
22042,5413
22043,5413
23063,5413
23064,5413
24890,5413
24891,5413
24892,5413
24893,5413
24894,5413
24895,5413
24896,5413
24897,5413
24898,5413
24899,5413
24900,5413
24901,5413
24902,5413
24903,5413
24904,5413
22951,5413
22952,5413
22953,5413
22954,5413
22955,5413
22956,5413
22957,5413
22958,5413
22959,5413
22960,5413
22961,5413
22962,5413
22963,5413
22964,5413
22965,5413
22966,5413
22967,5413
22968,5413
22522,5413
22523,5413
22524,5413
24493,5413
24494,5413
24495,5413
22394,5413
22395,5413
22396,5413
22397,5413
22398,5413
22399,5413
22400,5413
22401,5413
22402,5413
22403,5413
22404,5413
22945,5413
22946,5413
22947,5413
22948,5413
22949,5413
22950,5413
21009,5413
21010,5413
21011,5413
21012,5413
21013,5413
20570,5413
20571,5413
20572,5413
20573,5413
20574,5413
20575,5413
20576,5413
20577,5413
20578,5413
20579,5413
20580,5413
20581,5413
20582,5413
20583,5413
20584,5413
20585,5413
20586,5413
20587,5413
20588,5413
20589,5413
20590,5413
20591,5413
20592,5413
19296,5413
21006,5413
21007,5413
21008,5413
20915,5413
20916,5413
20472,5413
20473,5413
20474,5413
20475,5413
20476,5413
20477,5413
20478,5413
20479,5413
20480,5413
20481,5413
20482,5413
20483,5413
20484,5413
20485,5413
20486,5413
20487,5413
20488,5413
20489,5413
20490,5413
20491,5413
20492,5413
20493,5413
20494,5413
20495,5413
20496,5413
21037,5413
22495,5413
22496,5413
22497,5413
22498,5413
22499,5413
22500,5413
22501,5413
22502,5413
22503,5413
22504,5413
22505,5413
22506,5413
22507,5413
22508,5413
22509,5413
22510,5413
22511,5413
22512,5413
23053,5413
23054,5413
23055,5413
23056,5413
23057,5413
23058,5413
23059,5413
23060,5413
23061,5413
23062,5413
22930,5413
22931,5413
22932,5413
22933,5413
22934,5413
22935,5413
22490,5413
22491,5413
22492,5413
22493,5413
22494,5413
24366,5413
24367,5413
24368,5413
20441,5413
20442,5413
20443,5413
20444,5413
20445,5413
20446,5413
20447,5413
20448,5413
20449,5413
20450,5413
20451,5413
20452,5413
20453,5413
20454,5413
20455,5413
20456,5413
20457,5413
20458,5413
20459,5413
20460,5413
21001,5413
21002,5413
21003,5413
21004,5413
21005,5413
20868,5413
20869,5413
20870,5413
20871,5413
20872,5413
20873,5413
20874,5413
20875,5413
20876,5413
20877,5413
20878,5413
20879,5413
20880,5413
20881,5413
20882,5413
20883,5413
20438,5413
20439,5413
20440,5413
20466,5413
20467,5413
20468,5413
20469,5413
20470,5413
20471,5413
20063,5413
20064,5413
20605,5413
20606,5413
20607,5413
20608,5413
20609,5413
20610,5413
20611,5413
20612,5413
20613,5413
20614,5413
20615,5413
20616,5413
20617,5413
20618,5413
20619,5413
20620,5413
20621,5413
20622,5413
20623,5413
20624,5413
22913,5413
22914,5413
22915,5413
22916,5413
22917,5413
22918,5413
22919,5413
22920,5413
22921,5413
22922,5413
22923,5413
22924,5413
22925,5413
22926,5413
22927,5413
22928,5413
22929,5413
24459,5413
24460,5413
24461,5413
24462,5413
24463,5413
24464,5413
24465,5413
24466,5413
24467,5413
22360,5413
22361,5413
22362,5413
22363,5413
22364,5413
22365,5413
22366,5413
22367,5413
22368,5413
22909,5413
22910,5413
22911,5413
22912,5413
24349,5413
24350,5413
24351,5413
24352,5413
24353,5413
24354,5413
24355,5413
24356,5413
24357,5413
24358,5413
24359,5413
24360,5413
24361,5413
24362,5413
24363,5413
24364,5413
24365,5413
20859,5413
20860,5413
20861,5413
20862,5413
20863,5413
20864,5413
20865,5413
20866,5413
20867,5413
20309,5413
20310,5413
20311,5413
20312,5413
20313,5413
20314,5413
20315,5413
20316,5413
20857,5413
20858,5413
21745,5413
21746,5413
21747,5413
21748,5413
21749,5413
21750,5413
21751,5413
21752,5413
21753,5413
21754,5413
21755,5413
19062,5413
19063,5413
19064,5413
19065,5413
19066,5413
19067,5413
19068,5413
19069,5413
19070,5413
19250,5413
19261,5413
24457,5413
24458,5413
20906,5413
20907,5413
20908,5413
20909,5413
20910,5413
20911,5413
20912,5413
20913,5413
20914,5413
24227,5413
24228,5413
24229,5413
24230,5413
24231,5413
24232,5413
24233,5413
24234,5413
24235,5413
24236,5413
24237,5413
24238,5413
24239,5413
24240,5413
22513,5413
22514,5413
22515,5413
22516,5413
22517,5413
22518,5413
22519,5413
22520,5413
22521,5413
24217,5413
24218,5413
24219,5413
24220,5413
24221,5413
24222,5413
24223,5413
24224,5413
24225,5413
24226,5413
20022,5413
20023,5413
20024,5413
20025,5413
20026,5413
20027,5413
20028,5413
20569,5413
20347,5413
20348,5413
20349,5413
20350,5413
20351,5413
20352,5413
20893,5413
20894,5413
20895,5413
20896,5413
20897,5413
20898,5413
20899,5413
20900,5413
20901,5413
20902,5413
20903,5413
20904,5413
20905,5413
19913,5413
19914,5413
19915,5413
19916,5413
19917,5413
19918,5413
19919,5413
19920,5413
20461,5413
20462,5413
20463,5413
20464,5413
20465,5413
22378,5413
22379,5413
22380,5413
22381,5413
22382,5413
22383,5413
22384,5413
22385,5413
22386,5413
22387,5413
22388,5413
22389,5413
22390,5413
22391,5413
22392,5413
22393,5413
24215,5413
24216,5413
24086,5413
24087,5413
24088,5413
24089,5413
24090,5413
24091,5413
24092,5413
24093,5413
24094,5413
24095,5413
24096,5413
22369,5413
22370,5413
22371,5413
22372,5413
22373,5413
22374,5413
22375,5413
22376,5413
22377,5413
20437,5413
19995,5413
19996,5413
19997,5413
19998,5413
19999,5413
20000,5413
20001,5413
20002,5413
20003,5413
20004,5413
20005,5413
20006,5413
20007,5413
20008,5413
20009,5413
20010,5413
20011,5413
20012,5413
20013,5413
20014,5413
20015,5413
20016,5413
20017,5413
20018,5413
20019,5413
20020,5413
20021,5413
19898,5413
19899,5413
19900,5413
19901,5413
19902,5413
19903,5413
19904,5413
19905,5413
19906,5413
19907,5413
19908,5413
19909,5413
19910,5413
19911,5413
19912,5413
20430,5413
20431,5413
20432,5413
20433,5413
20434,5413
20435,5413
20436,5413
19892,5413
19893,5413
19894,5413
19895,5413
21721,5413
21722,5413
21723,5413
21724,5413
21725,5413
21726,5413
21727,5413
21728,5413
21729,5413
21730,5413
21731,5413
21732,5413
21733,5413
21734,5413
21735,5413
21736,5413
21737,5413
21738,5413
21739,5413
21740,5413
21741,5413
21742,5413
21743,5413
21744,5413
24191,5413
24192,5413
24193,5413
24194,5413
24195,5413
24196,5413
24197,5413
24198,5413
24199,5413
24200,5413
24201,5413
24202,5413
24203,5413
24204,5413
22477,5413
22478,5413
22479,5413
22480,5413
22481,5413
22482,5413
22483,5413
22484,5413
22485,5413
22486,5413
22487,5413
22488,5413
22489,5413
22340,5413
22341,5413
22342,5413
22343,5413
22344,5413
22345,5413
22346,5413
22347,5413
22348,5413
22349,5413
22350,5413
22351,5413
22352,5413
22353,5413
22354,5413
22355,5413
22356,5413
22357,5413
22358,5413
22359,5413
24183,5413
24184,5413
24185,5413
24186,5413
24187,5413
24188,5413
24189,5413
24190,5413
25468,5413
25478,5413
19869,5413
19870,5413
19871,5413
19872,5413
19873,5413
19874,5413
19875,5413
19876,5413
19877,5413
19878,5413
19879,5413
19880,5413
19881,5413
19882,5413
19883,5413
19884,5413
20425,5413
20426,5413
20427,5413
20428,5413
20429,5413
22336,5413
22337,5413
22338,5413
22339,5413
25141,5413
25142,5413
25143,5413
25144,5413
20287,5413
20288,5413
20289,5413
20290,5413
20291,5413
20292,5413
20293,5413
20294,5413
20295,5413
20296,5413
20297,5413
20298,5413
20299,5413
20300,5413
20301,5413
20302,5413
20303,5413
20304,5413
20305,5413
20306,5413
20307,5413
20308,5413
19863,5413
19864,5413
19865,5413
19866,5413
19867,5413
19868,5413
21592,5413
21593,5413
21594,5413
21595,5413
21596,5413
21597,5413
21598,5413
21599,5413
21600,5413
21601,5413
21602,5413
21603,5413
21604,5413
21605,5413
21606,5413
21607,5413
21608,5413
21609,5413
21610,5413
21611,5413
21612,5413
19885,5413
19886,5413
19887,5413
19888,5413
19889,5413
19890,5413
19891,5413
23542,5413
23543,5413
22002,5413
22003,5413
22004,5413
22005,5413
22006,5413
22007,5413
22008,5413
20281,5413
20282,5413
20283,5413
20284,5413
20285,5413
20286,5413
22009,5413
22010,5413
22011,5413
22012,5413
22013,5413
22014,5413
22015,5413
22016,5413
22017,5413
22018,5413
22019,5413
22020,5413
22021,5413
22022,5413
22023,5413
22024,5413
22025,5413
22026,5413
22027,5413
22028,5413
22029,5413
22030,5413
22031,5413
22032,5413
22033,5413
21589,5413
21590,5413
21591,5413
24053,5413
24054,5413
24055,5413
24056,5413
24057,5413
24058,5413
24059,5413
24060,5413
22333,5413
22334,5413
22335,5413
23652,5413
23653,5413
23654,5413
23655,5413
23656,5413
23657,5413
23658,5413
23659,5413
23660,5413
23661,5413
23662,5413
23663,5413
23664,5413
24205,5413
24206,5413
24207,5413
24208,5413
24209,5413
24210,5413
24211,5413
24212,5413
24213,5413
24214,5413
23529,5413
23530,5413
23531,5413
23532,5413
23533,5413
23534,5413
23535,5413
23536,5413
23537,5413
23538,5413
23539,5413
23540,5413
23541,5413
25067,5413
25068,5413
19102,5413
25071,5413
24070,5413
24071,5413
24072,5413
24073,5413
24074,5413
24075,5413
24076,5413
24077,5413
24078,5413
24079,5413
24080,5413
24081,5413
24082,5413
24083,5413
24084,5413
24085,5413
23640,5413
23641,5413
23642,5413
23643,5413
23644,5413
23645,5413
23646,5413
23647,5413
23648,5413
23649,5413
23650,5413
23651,5413
19290,5413
19291,5413
19292,5413
21459,5413
21460,5413
21461,5413
21462,5413
21463,5413
21464,5413
21465,5413
21466,5413
21467,5413
21468,5413
24162,5413
24163,5413
24164,5413
24165,5413
24166,5413
24167,5413
24168,5413
22441,5413
22442,5413
22443,5413
22444,5413
22445,5413
22446,5413
22447,5413
22448,5413
22449,5413
22450,5413
22451,5413
22452,5413
22453,5413
22454,5413
22455,5413
22456,5413
22457,5413
25044,5413
25045,5413
25046,5413
25047,5413
25048,5413
25049,5413
25050,5413
25051,5413
25052,5413
25053,5413
25054,5413
25061,5413
25062,5413
25063,5413
25064,5413
25065,5413
25066,5413
22994,5413
22995,5413
22996,5413
22997,5413
22998,5413
22999,5413
23000,5413
24818,5413
24819,5413
24820,5413
24821,5413
24822,5413
24566,5413
24567,5413
24568,5413
24569,5413
24570,5413
24571,5413
24572,5413
24573,5413
24574,5413
24575,5413
24576,5413
24577,5413
24578,5413
24579,5413
24580,5413
24581,5413
24582,5413
24151,5413
24152,5413
24153,5413
24154,5413
24155,5413
24156,5413
24157,5413
24158,5413
24159,5413
24160,5413
24161,5413
24884,5413
24885,5413
24886,5413
24887,5413
24888,5413
24889,5413
22440,5413
22981,5413
22982,5413
22983,5413
22984,5413
22985,5413
22986,5413
22987,5413
22988,5413
22989,5413
22990,5413
22991,5413
22992,5413
22993,5413
24875,5413
24876,5413
24877,5413
24878,5413
24879,5413
24880,5413
24881,5413
24431,5413
24432,5413
24433,5413
24434,5413
24435,5413
24436,5413
24437,5413
24438,5413
24439,5413
24440,5413
24441,5413
24442,5413
24443,5413
24444,5413
24445,5413
24446,5413
24447,5413
24448,5413
24449,5413
24450,5413
22426,5413
22427,5413
22428,5413
22429,5413
22430,5413
22431,5413
22432,5413
22433,5413
22434,5413
22435,5413
22436,5413
22437,5413
22438,5413
22439,5413
24389,5413
24390,5413
24391,5413
24392,5413
24393,5413
24394,5413
24395,5413
24396,5413
24397,5413
25170,5413
25171,5413
25172,5413
25211,5413
25210,5413
24874,5413
19093,5413
24385,5413
24386,5413
24387,5413
24388,5413
24599,5413
24600,5413
24601,5413
19333,5413
19314,5413
23608,5413
23609,5413
23610,5413
23611,5413
23612,5413
23613,5413
23614,5413
23615,5413
23616,5413
23617,5413
23618,5413
23590,5413
23591,5413
23592,5413
24133,5413
24134,5413
24135,5413
24136,5413
24137,5413
24138,5413
24139,5413
24140,5413
24141,5413
24142,5413
24143,5413
24144,5413
24145,5413
24146,5413
24147,5413
24148,5413
24149,5413
24150,5413
25149,5413
25150,5413
23042,5413
23043,5413
23044,5413
23045,5413
23046,5413
23047,5413
23048,5413
23049,5413
23050,5413
23051,5413
23052,5413
23593,5413
23594,5413
23595,5413
23596,5413
23597,5413
23598,5413
23599,5413
23600,5413
23601,5413
23602,5413
23603,5413
23604,5413
23605,5413
23606,5413
23607,5413
24882,5413
24883,5413
25175,5413
25176,5413
25177,5413
23576,5413
23577,5413
23578,5413
23579,5413
23580,5413
23581,5413
23582,5413
23583,5413
23584,5413
23585,5413
23586,5413
23587,5413
23588,5413
23589,5413
24854,5413
24855,5413
24856,5413
24857,5413
24858,5413
24859,5413
24860,5413
24861,5413
24862,5413
24863,5413
24864,5413
24865,5413
24866,5413
24867,5413
24868,5413
24869,5413
24870,5413
24871,5413
24872,5413
24873,5413
25076,5413
25077,5413
25078,5413
25079,5413
25080,5413
25081,5413
25082,5413
25083,5413
25030,5413
25031,5413
25032,5413
25033,5413
25165,5413
24583,5413
24584,5413
24585,5413
24586,5413
24587,5413
24588,5413
24589,5413
24590,5413
24591,5413
24592,5413
24593,5413
24594,5413
24595,5413
24596,5413
24597,5413
24598,5413
24127,5413
24128,5413
24129,5413
24130,5413
24131,5413
24132,5413
22405,5413
22406,5413
22407,5413
22408,5413
22409,5413
22410,5413
22411,5413
22412,5413
22413,5413
22414,5413
22415,5413
22416,5413
22417,5413
22418,5413
22419,5413
22420,5413
22421,5413
22422,5413
22423,5413
22424,5413
22425,5413
25158,5413
25173,5413
25174,5413
24994,5413
24995,5413
24996,5413
24997,5413
23033,5413
23034,5413
23035,5413
23036,5413
23037,5413
23038,5413
23039,5413
23040,5413
23041,5413
25159,5413
25160,5413
25161,5413
25162,5413
25163,5413
25164,5413
25166,5413
25167,5413
25168,5413
25169,5413
24119,5413
24120,5413
24121,5413
24122,5413
24123,5413
24124,5413
24125,5413
24126,5413
29180,5413
29181,5413
29182,5413
29183,5413
29184,5413
29185,5413
29186,5413
29188,5413
25074,5413
25075,5413
22468,5413
22469,5413
22470,5413
22471,5413
22472,5413
22473,5413
22474,5413
22475,5413
22476,5413
23017,5413
23018,5413
23019,5413
23020,5413
23021,5413
23022,5413
23023,5413
23024,5413
23025,5413
23026,5413
23027,5413
23028,5413
23029,5413
23030,5413
23031,5413
23032,5413
25207,5413
25208,5413
25209,5413
25117,5413
25157,5413
25097,5413
24975,5413
24976,5413
24977,5413
24978,5413
24979,5413
24980,5413
24981,5413
24982,5413
24983,5413
24984,5413
24985,5413
24986,5413
24987,5413
24988,5413
24989,5413
24990,5413
24991,5413
24992,5413
24993,5413
23561,5413
23562,5413
23563,5413
23564,5413
23565,5413
23566,5413
23567,5413
23568,5413
23569,5413
23570,5413
23571,5413
23572,5413
23573,5413
23574,5413
23575,5413
24851,5413
24852,5413
24853,5413
25007,5413
25008,5413
25009,5413
25010,5413
25011,5413
25012,5413
25013,5413
25014,5413
25015,5413
25016,5413
25017,5413
25018,5413
25019,5413
25020,5413
25021,5413
25022,5413
25023,5413
25024,5413
25025,5413
25026,5413
25027,5413
25028,5413
25029,5413
25119,5413
24974,5413
22465,5413
22466,5413
22467,5413
24546,5413
24547,5413
24548,5413
24549,5413
24550,5413
24551,5413
24552,5413
23001,5413
23002,5413
23003,5413
23004,5413
23005,5413
23006,5413
23007,5413
23008,5413
23009,5413
23010,5413
23011,5413
23012,5413
23013,5413
23014,5413
24451,5413
24452,5413
24453,5413
24454,5413
24455,5413
24456,5413
24998,5413
24999,5413
25000,5413
25001,5413
25002,5413
25003,5413
25004,5413
25005,5413
25006,5413
25178,5413
25179,5413
25180,5413
25181,5413
24109,5413
24110,5413
24111,5413
24112,5413
24113,5413
24114,5413
24115,5413
24116,5413
24117,5413
24118,5413
19147,5413
23015,5413
23016,5413
23557,5413
23558,5413
23559,5413
23560,5413
24529,5413
24530,5413
24531,5413
24532,5413
24533,5413
24534,5413
24535,5413
24536,5413
24537,5413
24538,5413
22458,5413
22459,5413
22460,5413
22461,5413
22462,5413
22463,5413
22464,5413
23544,5413
23545,5413
23546,5413
23547,5413
23548,5413
23549,5413
23550,5413
23551,5413
23552,5413
23553,5413
23554,5413
23555,5413
23556,5413
24097,5413
24098,5413
24099,5413
24100,5413
24101,5413
24102,5413
24103,5413
24104,5413
24105,5413
24106,5413
24107,5413
24108,5413
24539,5413
24540,5413
24541,5413
24542,5413
24543,5413
24544,5413
24545,5413
24408,5413
24409,5413
24410,5413
24411,5413
24412,5413
24413,5413
24414,5413
24415,5413
24416,5413
24417,5413
24418,5413
24419,5413
24420,5413
24962,5413
24963,5413
24964,5413
24965,5413
24966,5413
24421,5413
24422,5413
24423,5413
24424,5413
24425,5413
24426,5413
24427,5413
24428,5413
24429,5413
24430,5413
24553,5413
24554,5413
24555,5413
24556,5413
24557,5413
24558,5413
24559,5413
24560,5413
24561,5413
24562,5413
24563,5413
24564,5413
24565,5413
25206,5413
25233,5413
24967,5413
24968,5413
24969,5413
24970,5413
24971,5413
24972,5413
24973,5413
24839,5413
24840,5413
24841,5413
24842,5413
24843,5413
24844,5413
24845,5413
24846,5413
24847,5413
24848,5413
24849,5413
24850,5413
24950,5413
24951,5413
24952,5413
24953,5413
24954,5413
24955,5413
24956,5413
24957,5413
24958,5413
24959,5413
24960,5413
24961,5413
24398,5413
24399,5413
24400,5413
24401,5413
24402,5413
24403,5413
24404,5413
24405,5413
24406,5413
24407,5413
25197,5413
25198,5413
25199,5413
25200,5413
25201,5413
25202,5413
25203,5413
25204,5413
25205,5413
24945,5413
24946,5413
24947,5413
24948,5413
24949,5413
24823,5413
24824,5413
24825,5413
24826,5413
24827,5413
24828,5413
24829,5413
24830,5413
24831,5413
24832,5413
24833,5413
24834,5413
24835,5413
24836,5413
24837,5413
24838,5413
24638,5413
25193,5413
25194,5413
25195,5413
25196,5413
24703,5413
24704,5413
24705,5413
24706,5413
24707,5413
24708,5413
24709,5413
25125,5413
25126,5413
25127,5413
25128,5413
25129,5413
25130,5413
25133,5413
25134,5413
25135,5413
25137,5413
24608,5413
24609,5413
24610,5413
24611,5413
24612,5413
24613,5413
24614,5413
25122,5413
25123,5413
25124,5413
19138,5413
25138,5413
24615,5413
24616,5413
24617,5413
24618,5413
24619,5413
24620,5413
24621,5413
24622,5413
24623,5413
24624,5413
24625,5413
24626,5413
24627,5413
24628,5413
24629,5413
24630,5413
24631,5413
24632,5413
24633,5413
24634,5413
24635,5413
24636,5413
24637,5413
24732,5413
24733,5413
24734,5413
24735,5413
24736,5413
24737,5413
24738,5413
24606,5413
24607,5413
24714,5413
24602,5413
24603,5413
24604,5413
24605,5413
24715,5413
24716,5413
24717,5413
24718,5413
24719,5413
24720,5413
24721,5413
24722,5413
24723,5413
24724,5413
24725,5413
24726,5413
24727,5413
24728,5413
24729,5413
24730,5413
24731,5413
24680,5413
24681,5413
24682,5413
24683,5413
24684,5413
24685,5413
24686,5413
24776,5413
24777,5413
24778,5413
24779,5413
24780,5413
24781,5413
25145,5413
25146,5413
24687,5413
24688,5413
24689,5413
24690,5413
24691,5413
24692,5413
24693,5413
24694,5413
24695,5413
24696,5413
24697,5413
24698,5413
24699,5413
24700,5413
24701,5413
24702,5413
24710,5413
24711,5413
24712,5413
24713,5413
24674,5413
24675,5413
24676,5413
24677,5413
24678,5413
24679,5413
25139,5413
25140,5413
25182,5413
25183,5413
25184,5413
25185,5413
25186,5413
25187,5413
25188,5413
25189,5413
25190,5413
25191,5413
25192,5413
25072,5413
25073,5413
24774,5413
24775,5413
25802,5413
24742,5413
24743,5413
24744,5413
24745,5413
24767,5413
24768,5413
24769,5413
24770,5413
24771,5413
24772,5413
24773,5413
25803,5413
24746,5413
24747,5413
24748,5413
24749,5413
24750,5413
24751,5413
24752,5413
24753,5413
24754,5413
24755,5413
24756,5413
24757,5413
24758,5413
24759,5413
24760,5413
24761,5413
24762,5413
24763,5413
24764,5413
24765,5413
24766,5413
25151,5413
25152,5413
25153,5413
25155,5413
25156,5413
24739,5413
24740,5413
24741,5413
23293,5413
23294,5413
23295,5413
23296,5413
23297,5413
23298,5413
23299,5413
23300,5413
23301,5413
23302,5413
23303,5413
23304,5413
23845,5413
23846,5413
22869,5413
22870,5413
22871,5413
22872,5413
23413,5413
23414,5413
23415,5413
23416,5413
23417,5413
23418,5413
23446,5413
23447,5413
23448,5413
23989,5413
24018,5413
24019,5413
20769,5413
20770,5413
20771,5413
20772,5413
20773,5413
20774,5413
20775,5413
20776,5413
20777,5413
20778,5413
20779,5413
20780,5413
20781,5413
20782,5413
20783,5413
20784,5413
21325,5413
21326,5413
21327,5413
21328,5413
21329,5413
21330,5413
21331,5413
21332,5413
21333,5413
21334,5413
20118,5413
20119,5413
20120,5413
20121,5413
20122,5413
20123,5413
20124,5413
20125,5413
20126,5413
20127,5413
21953,5413
21954,5413
21955,5413
21956,5413
21957,5413
21958,5413
21959,5413
21960,5413
21961,5413
21962,5413
21963,5413
21964,5413
21965,5413
21966,5413
21967,5413
21968,5413
21969,5413
21970,5413
23289,5413
23290,5413
23291,5413
23292,5413
20106,5413
20107,5413
20108,5413
20109,5413
20110,5413
20111,5413
20112,5413
20113,5413
20114,5413
20115,5413
20116,5413
20117,5413
23701,5413
23702,5413
23703,5413
23704,5413
23705,5413
23706,5413
23707,5413
23708,5413
23709,5413
23710,5413
23711,5413
23272,5413
23273,5413
23274,5413
23275,5413
23276,5413
23277,5413
23278,5413
23279,5413
23280,5413
23281,5413
23282,5413
23283,5413
23284,5413
23285,5413
23286,5413
23287,5413
23288,5413
22744,5413
22745,5413
22746,5413
22747,5413
22748,5413
22749,5413
22750,5413
22751,5413
22752,5413
22753,5413
22754,5413
22755,5413
22756,5413
22757,5413
22758,5413
22759,5413
22760,5413
22761,5413
22762,5413
22763,5413
22764,5413
23305,5413
23444,5413
23445,5413
23163,5413
23164,5413
23165,5413
23166,5413
23167,5413
23168,5413
23169,5413
22731,5413
22732,5413
22733,5413
22734,5413
22735,5413
22736,5413
22737,5413
22738,5413
22739,5413
22740,5413
22741,5413
22742,5413
22743,5413
20665,5413
20666,5413
20667,5413
20668,5413
20669,5413
20670,5413
20228,5413
20229,5413
20230,5413
20231,5413
20232,5413
20233,5413
20234,5413
20235,5413
20236,5413
20237,5413
20238,5413
20239,5413
20240,5413
20241,5413
20242,5413
20243,5413
20244,5413
20785,5413
20786,5413
20787,5413
20788,5413
20789,5413
23948,5413
23949,5413
23950,5413
21821,5413
21822,5413
21823,5413
21824,5413
21825,5413
21826,5413
21827,5413
21828,5413
20101,5413
20102,5413
20103,5413
20104,5413
20105,5413
23920,5413
23921,5413
23922,5413
23923,5413
23924,5413
23925,5413
23926,5413
23927,5413
23928,5413
23929,5413
23930,5413
23931,5413
23932,5413
23933,5413
23934,5413
23935,5413
23936,5413
23937,5413
23938,5413
23939,5413
23940,5413
23941,5413
23942,5413
23943,5413
23944,5413
23945,5413
23946,5413
23947,5413
23117,5413
23118,5413
23119,5413
23120,5413
23121,5413
23122,5413
23123,5413
23124,5413
23665,5413
23666,5413
23667,5413
23668,5413
23669,5413
23670,5413
23671,5413
23672,5413
23673,5413
23674,5413
23675,5413
23676,5413
23677,5413
23239,5413
23240,5413
23241,5413
23242,5413
23243,5413
23244,5413
23245,5413
22615,5413
22616,5413
22617,5413
22618,5413
22619,5413
22620,5413
23161,5413
23162,5413
22691,5413
22692,5413
23233,5413
23234,5413
23235,5413
23236,5413
23237,5413
23238,5413
20761,5413
20762,5413
20763,5413
20764,5413
20765,5413
20766,5413
20767,5413
20768,5413
22595,5413
22596,5413
22597,5413
22598,5413
22599,5413
22600,5413
22601,5413
22602,5413
22603,5413
22604,5413
22605,5413
22606,5413
22607,5413
22608,5413
22609,5413
22610,5413
22611,5413
22612,5413
22613,5413
22614,5413
20097,5413
20098,5413
20099,5413
20100,5413
20641,5413
20642,5413
20643,5413
20644,5413
20645,5413
20646,5413
20647,5413
20648,5413
20649,5413
20650,5413
20651,5413
20652,5413
20653,5413
20654,5413
20655,5413
20656,5413
20657,5413
20658,5413
20659,5413
20660,5413
20661,5413
20662,5413
20663,5413
20664,5413
22209,5413
22210,5413
22211,5413
22212,5413
22213,5413
22214,5413
22215,5413
22216,5413
22217,5413
22218,5413
22219,5413
22220,5413
22221,5413
22222,5413
22223,5413
20096,5413
23792,5413
23793,5413
23794,5413
23795,5413
23796,5413
23797,5413
23798,5413
23799,5413
23800,5413
23801,5413
23802,5413
23803,5413
23804,5413
23805,5413
23806,5413
23807,5413
23808,5413
22081,5413
22082,5413
22083,5413
22084,5413
22085,5413
22086,5413
23375,5413
23376,5413
23917,5413
23918,5413
23919,5413
22671,5413
22672,5413
22673,5413
22674,5413
22675,5413
22676,5413
22677,5413
22678,5413
22679,5413
22680,5413
22681,5413
22682,5413
22683,5413
22684,5413
22685,5413
22686,5413
22687,5413
22688,5413
22689,5413
22690,5413
23406,5413
23407,5413
23408,5413
21279,5413
21280,5413
21281,5413
21282,5413
21283,5413
21284,5413
21285,5413
21286,5413
21287,5413
21288,5413
21829,5413
21830,5413
21831,5413
21832,5413
21833,5413
21834,5413
21835,5413
21836,5413
21837,5413
21838,5413
21839,5413
23477,5413
20194,5413
20195,5413
20196,5413
20197,5413
20198,5413
20199,5413
20200,5413
20201,5413
20202,5413
20203,5413
20204,5413
20205,5413
20206,5413
20207,5413
20208,5413
20749,5413
20750,5413
20751,5413
20752,5413
20753,5413
20754,5413
20755,5413
20756,5413
20757,5413
20758,5413
20759,5413
20760,5413
22197,5413
22198,5413
22199,5413
22200,5413
22201,5413
22202,5413
22203,5413
22204,5413
22205,5413
22206,5413
22207,5413
22208,5413
23473,5413
23474,5413
23475,5413
23476,5413
24337,5413
24338,5413
24339,5413
24340,5413
24341,5413
24342,5413
24343,5413
24344,5413
24345,5413
24346,5413
24347,5413
24348,5413
22621,5413
22622,5413
22623,5413
22624,5413
22625,5413
22626,5413
22627,5413
23916,5413
22189,5413
22190,5413
22191,5413
22192,5413
22193,5413
22194,5413
22195,5413
22196,5413
21938,5413
21939,5413
21940,5413
21941,5413
21942,5413
21943,5413
21944,5413
21945,5413
21946,5413
21947,5413
21948,5413
21949,5413
21950,5413
21951,5413
21952,5413
23779,5413
23780,5413
23781,5413
23782,5413
23783,5413
23784,5413
23785,5413
23786,5413
23787,5413
23788,5413
23789,5413
23790,5413
23791,5413
23402,5413
23403,5413
23404,5413
23405,5413
21382,5413
21383,5413
21384,5413
21385,5413
21386,5413
21387,5413
21388,5413
21389,5413
21390,5413
21391,5413
21392,5413
21937,5413
21265,5413
21266,5413
21267,5413
21268,5413
21269,5413
21270,5413
21271,5413
21272,5413
21273,5413
21274,5413
21275,5413
21276,5413
21277,5413
21278,5413
23103,5413
23104,5413
23105,5413
23106,5413
23107,5413
23108,5413
23109,5413
23110,5413
23111,5413
23112,5413
23113,5413
23114,5413
23115,5413
23116,5413
23449,5413
23450,5413
23451,5413
23452,5413
23453,5413
23454,5413
23455,5413
23456,5413
23457,5413
23458,5413
23459,5413
23460,5413
23461,5413
23462,5413
23463,5413
23464,5413
23465,5413
23466,5413
23467,5413
23468,5413
23469,5413
23470,5413
23471,5413
23472,5413
22177,5413
22178,5413
22179,5413
22180,5413
22181,5413
22182,5413
22183,5413
22184,5413
22185,5413
22186,5413
22187,5413
22188,5413
22729,5413
22730,5413
22903,5413
22904,5413
22905,5413
22906,5413
22907,5413
22908,5413
20216,5413
20217,5413
20218,5413
20219,5413
20220,5413
20221,5413
20222,5413
20223,5413
20224,5413
20225,5413
20226,5413
20227,5413
24321,5413
24322,5413
24323,5413
24324,5413
24325,5413
24326,5413
24327,5413
24328,5413
24329,5413
24330,5413
24331,5413
24332,5413
24333,5413
24334,5413
24335,5413
24336,5413
21813,5413
21814,5413
21815,5413
21816,5413
21817,5413
21818,5413
21819,5413
21820,5413
21374,5413
21375,5413
21376,5413
21377,5413
21378,5413
21379,5413
21380,5413
21381,5413
23374,5413
21246,5413
21247,5413
21248,5413
21249,5413
21250,5413
21251,5413
21252,5413
21793,5413
21794,5413
21795,5413
21796,5413
21797,5413
21798,5413
21799,5413
21800,5413
21801,5413
21802,5413
21803,5413
21804,5413
21805,5413
21806,5413
21807,5413
21808,5413
21809,5413
21810,5413
21811,5413
21812,5413
20275,5413
20276,5413
20277,5413
20278,5413
20279,5413
20280,5413
23089,5413
23090,5413
23091,5413
23092,5413
23093,5413
23094,5413
23095,5413
23096,5413
23097,5413
23098,5413
23099,5413
23100,5413
23101,5413
23102,5413
22663,5413
22664,5413
22665,5413
22666,5413
22667,5413
22668,5413
22669,5413
22670,5413
22169,5413
22170,5413
22171,5413
22172,5413
22173,5413
22174,5413
22175,5413
22176,5413
23394,5413
23395,5413
23396,5413
23397,5413
23398,5413
23399,5413
23400,5413
23401,5413
24309,5413
24310,5413
24311,5413
24312,5413
22585,5413
22586,5413
22587,5413
22588,5413
22589,5413
22590,5413
22591,5413
22592,5413
22593,5413
22594,5413
22155,5413
22156,5413
22157,5413
22158,5413
22159,5413
22160,5413
22161,5413
22162,5413
22163,5413
22164,5413
22165,5413
22166,5413
22167,5413
22168,5413
24049,5413
24050,5413
24051,5413
24052,5413
21920,5413
21921,5413
21922,5413
21923,5413
21924,5413
21925,5413
21926,5413
21927,5413
21928,5413
21929,5413
21930,5413
21931,5413
21932,5413
21933,5413
21934,5413
21935,5413
21936,5413
20209,5413
20210,5413
20211,5413
20212,5413
20213,5413
20214,5413
20215,5413
24033,5413
24034,5413
24035,5413
24036,5413
24037,5413
24038,5413
24039,5413
24040,5413
24041,5413
24042,5413
24043,5413
24044,5413
24045,5413
24046,5413
24047,5413
24048,5413
23346,5413
23347,5413
23348,5413
23349,5413
23350,5413
23351,5413
23352,5413
23353,5413
23354,5413
23355,5413
23356,5413
23357,5413
23358,5413
23359,5413
23360,5413
23361,5413
23362,5413
23363,5413
23364,5413
23365,5413
23366,5413
23367,5413
23368,5413
23369,5413
23370,5413
23371,5413
23372,5413
23373,5413
22834,5413
22835,5413
22836,5413
23377,5413
23378,5413
23379,5413
23380,5413
23381,5413
23382,5413
23383,5413
23384,5413
23385,5413
23386,5413
23387,5413
23388,5413
23389,5413
23390,5413
23391,5413
23392,5413
23393,5413
22831,5413
22832,5413
22833,5413
20704,5413
20705,5413
20706,5413
20707,5413
20708,5413
20709,5413
20710,5413
20711,5413
20712,5413
21253,5413
21254,5413
21255,5413
21256,5413
21257,5413
21258,5413
21259,5413
21260,5413
21261,5413
21262,5413
21263,5413
21264,5413
20188,5413
20189,5413
20190,5413
20191,5413
20192,5413
20193,5413
24287,5413
24288,5413
24289,5413
24290,5413
24291,5413
24292,5413
24293,5413
24294,5413
24295,5413
24296,5413
24297,5413
24298,5413
24299,5413
24300,5413
24301,5413
24302,5413
24303,5413
24304,5413
24305,5413
24306,5413
24307,5413
24308,5413
23481,5413
23482,5413
23483,5413
23484,5413
24025,5413
24026,5413
24027,5413
24028,5413
24029,5413
24030,5413
24031,5413
24032,5413
20184,5413
20185,5413
20186,5413
20187,5413
23891,5413
23892,5413
23893,5413
23894,5413
23895,5413
23896,5413
23897,5413
23898,5413
23899,5413
23900,5413
23901,5413
23902,5413
23903,5413
23904,5413
23905,5413
23906,5413
23907,5413
23908,5413
23909,5413
23910,5413
23911,5413
23912,5413
23913,5413
23914,5413
23915,5413
23478,5413
23479,5413
23480,5413
23217,5413
23218,5413
23219,5413
23220,5413
23221,5413
23222,5413
23223,5413
23224,5413
23225,5413
23226,5413
23227,5413
23228,5413
23229,5413
23230,5413
23231,5413
23232,5413
23773,5413
23774,5413
23775,5413
23776,5413
23777,5413
23778,5413
22800,5413
23341,5413
23342,5413
23343,5413
23344,5413
23345,5413
22827,5413
22828,5413
22829,5413
22830,5413
23205,5413
23206,5413
23207,5413
23208,5413
23209,5413
23210,5413
23211,5413
23212,5413
23213,5413
23214,5413
23215,5413
23216,5413
20691,5413
20692,5413
20693,5413
20694,5413
20695,5413
20696,5413
20697,5413
20698,5413
20699,5413
20700,5413
20701,5413
20702,5413
20703,5413
20260,5413
20261,5413
20262,5413
20263,5413
20264,5413
20265,5413
20266,5413
20267,5413
20268,5413
20269,5413
20270,5413
20271,5413
20272,5413
20273,5413
20274,5413
21888,5413
21889,5413
21890,5413
21891,5413
21892,5413
21893,5413
21894,5413
21895,5413
21896,5413
21897,5413
21898,5413
21899,5413
21900,5413
20173,5413
20174,5413
20175,5413
20176,5413
20177,5413
20178,5413
20179,5413
20180,5413
20181,5413
20182,5413
20183,5413
22309,5413
22310,5413
22311,5413
22312,5413
22313,5413
22314,5413
22315,5413
22316,5413
22317,5413
22318,5413
22319,5413
22320,5413
22321,5413
22322,5413
22323,5413
22324,5413
22325,5413
22326,5413
22327,5413
21887,5413
23763,5413
23764,5413
23765,5413
23766,5413
23767,5413
23768,5413
23769,5413
23770,5413
23771,5413
23772,5413
24313,5413
24314,5413
24315,5413
24316,5413
24317,5413
24318,5413
24319,5413
24320,5413
23881,5413
23882,5413
23883,5413
23884,5413
23885,5413
23886,5413
23887,5413
23888,5413
23889,5413
23890,5413
21395,5413
21396,5413
21361,5413
21362,5413
21363,5413
21364,5413
21365,5413
21366,5413
21367,5413
21368,5413
21369,5413
21370,5413
21371,5413
21372,5413
21373,5413
23204,5413
21238,5413
21239,5413
21240,5413
21241,5413
21242,5413
21243,5413
21244,5413
21245,5413
20803,5413
20804,5413
20805,5413
20806,5413
20807,5413
20808,5413
20809,5413
20810,5413
20811,5413
20812,5413
20813,5413
20814,5413
20815,5413
20816,5413
20817,5413
20818,5413
20819,5413
20820,5413
21393,5413
21394,5413
23246,5413
23247,5413
23248,5413
23249,5413
23250,5413
23251,5413
23252,5413
23253,5413
23254,5413
23255,5413
23256,5413
23257,5413
23258,5413
23259,5413
23260,5413
23261,5413
23262,5413
23263,5413
23264,5413
23265,5413
23266,5413
23267,5413
23268,5413
23809,5413
23810,5413
23811,5413
23812,5413
23813,5413
22301,5413
22302,5413
22303,5413
22304,5413
22305,5413
22306,5413
22307,5413
22308,5413
22819,5413
22820,5413
22821,5413
22822,5413
22823,5413
22824,5413
22825,5413
22826,5413
23864,5413
23865,5413
23866,5413
23867,5413
23868,5413
23869,5413
23870,5413
23871,5413
23872,5413
23873,5413
23874,5413
23875,5413
23876,5413
23877,5413
23878,5413
23879,5413
23880,5413
22153,5413
22154,5413
24020,5413
24021,5413
24022,5413
24023,5413
24024,5413
22297,5413
22298,5413
22299,5413
22300,5413
21910,5413
21911,5413
21912,5413
21913,5413
21914,5413
21915,5413
21916,5413
21917,5413
21918,5413
21919,5413
23745,5413
23746,5413
23747,5413
23748,5413
23749,5413
23750,5413
23751,5413
23752,5413
23753,5413
23754,5413
23755,5413
23756,5413
23757,5413
23758,5413
23759,5413
23760,5413
23761,5413
23762,5413
21354,5413
21355,5413
21356,5413
21357,5413
21358,5413
21359,5413
21360,5413
21901,5413
21902,5413
21903,5413
21904,5413
21905,5413
21906,5413
21907,5413
21908,5413
21909,5413
22799,5413
20671,5413
20672,5413
20673,5413
20674,5413
20675,5413
20676,5413
21217,5413
21218,5413
21219,5413
21220,5413
21221,5413
21222,5413
21223,5413
21224,5413
21225,5413
21226,5413
21227,5413
21228,5413
21229,5413
21230,5413
21231,5413
21232,5413
21233,5413
21234,5413
21235,5413
21236,5413
21237,5413
22259,5413
22260,5413
22801,5413
22802,5413
22803,5413
22804,5413
22805,5413
22806,5413
22807,5413
22808,5413
22809,5413
22810,5413
22811,5413
22812,5413
22813,5413
22814,5413
22815,5413
22816,5413
22817,5413
22818,5413
22258,5413
20128,5413
20129,5413
20130,5413
20131,5413
20132,5413
20133,5413
20134,5413
20135,5413
20136,5413
20677,5413
20678,5413
20679,5413
20680,5413
20681,5413
20682,5413
20683,5413
20684,5413
20685,5413
20686,5413
20687,5413
20688,5413
20689,5413
20690,5413
23736,5413
24277,5413
24278,5413
24279,5413
24280,5413
24281,5413
24282,5413
24283,5413
24284,5413
24285,5413
24286,5413
23847,5413
23848,5413
23849,5413
23850,5413
23851,5413
23852,5413
23853,5413
23854,5413
23855,5413
23856,5413
23857,5413
23858,5413
23859,5413
23860,5413
23861,5413
23862,5413
23863,5413
22900,5413
22901,5413
22902,5413
21345,5413
21346,5413
21347,5413
21348,5413
21349,5413
21350,5413
21351,5413
21352,5413
21353,5413
23732,5413
23733,5413
23734,5413
23735,5413
22332,5413
22873,5413
22874,5413
22875,5413
22876,5413
22877,5413
22878,5413
22879,5413
22880,5413
22881,5413
22882,5413
22883,5413
22884,5413
22885,5413
22886,5413
22887,5413
22888,5413
22889,5413
22890,5413
22891,5413
22892,5413
22893,5413
22894,5413
22895,5413
22896,5413
22897,5413
22898,5413
22899,5413
22771,5413
22772,5413
22773,5413
22774,5413
22775,5413
22776,5413
22777,5413
22778,5413
22779,5413
22780,5413
22781,5413
22782,5413
22783,5413
22784,5413
22785,5413
22786,5413
22787,5413
22788,5413
22789,5413
22790,5413
22791,5413
22792,5413
22793,5413
22794,5413
22795,5413
22796,5413
22797,5413
22798,5413
22254,5413
22255,5413
22256,5413
22257,5413
23199,5413
23200,5413
23201,5413
23202,5413
23203,5413
22224,5413
22765,5413
22766,5413
22767,5413
22768,5413
22769,5413
22770,5413
22226,5413
22227,5413
22228,5413
22229,5413
22230,5413
22231,5413
22232,5413
22233,5413
22234,5413
22235,5413
22236,5413
22237,5413
22238,5413
22239,5413
22240,5413
22241,5413
22242,5413
22243,5413
22244,5413
22245,5413
22246,5413
22247,5413
22248,5413
22249,5413
22250,5413
22251,5413
22252,5413
22253,5413
21883,5413
21884,5413
21885,5413
21886,5413
23712,5413
23713,5413
23714,5413
23715,5413
23716,5413
23717,5413
23718,5413
23719,5413
23720,5413
23721,5413
23722,5413
23723,5413
23724,5413
23725,5413
23726,5413
23727,5413
23728,5413
23729,5413
23730,5413
23731,5413
21323,5413
21324,5413
21865,5413
21866,5413
21867,5413
21868,5413
21869,5413
21870,5413
21871,5413
21872,5413
21873,5413
21874,5413
21875,5413
21876,5413
21877,5413
21878,5413
21879,5413
21880,5413
21881,5413
21882,5413
23317,5413
23318,5413
23319,5413
23320,5413
23321,5413
23322,5413
23323,5413
23324,5413
23325,5413
23326,5413
23327,5413
23328,5413
23329,5413
23330,5413
23331,5413
23332,5413
23333,5413
23334,5413
23335,5413
23336,5413
23337,5413
23338,5413
23339,5413
23340,5413
22328,5413
22329,5413
22330,5413
22331,5413
22643,5413
22644,5413
22645,5413
22646,5413
22647,5413
22648,5413
22649,5413
22650,5413
22651,5413
22652,5413
22653,5413
22654,5413
22655,5413
22656,5413
23197,5413
23198,5413
20790,5413
20791,5413
20792,5413
20793,5413
20794,5413
20795,5413
20796,5413
20797,5413
20798,5413
20799,5413
20800,5413
20801,5413
20802,5413
22628,5413
22629,5413
22630,5413
22631,5413
22632,5413
22633,5413
22634,5413
22635,5413
22636,5413
22637,5413
22638,5413
22639,5413
22640,5413
22641,5413
22642,5413
22098,5413
22099,5413
22100,5413
22101,5413
22102,5413
22103,5413
22104,5413
22105,5413
22106,5413
22107,5413
22108,5413
22109,5413
22110,5413
22111,5413
22112,5413
22113,5413
22114,5413
22115,5413
22116,5413
22657,5413
22658,5413
22659,5413
22660,5413
22661,5413
22662,5413
23951,5413
23952,5413
22225,5413
21315,5413
21316,5413
21317,5413
21318,5413
21319,5413
21320,5413
21321,5413
21322,5413
22090,5413
22091,5413
22092,5413
22093,5413
22094,5413
22095,5413
22096,5413
22097,5413
23419,5413
23420,5413
23421,5413
23422,5413
23423,5413
23424,5413
23425,5413
23426,5413
23427,5413
23428,5413
23429,5413
23430,5413
23431,5413
23432,5413
23433,5413
23434,5413
23435,5413
23436,5413
23437,5413
23438,5413
23439,5413
23440,5413
23441,5413
23442,5413
23443,5413
21312,5413
21313,5413
21314,5413
23188,5413
23189,5413
23190,5413
23191,5413
23192,5413
23193,5413
23194,5413
23195,5413
23196,5413
23737,5413
23738,5413
23739,5413
23740,5413
23741,5413
23742,5413
23743,5413
23744,5413
23306,5413
23307,5413
23308,5413
23309,5413
23310,5413
23311,5413
23312,5413
23313,5413
23314,5413
23315,5413
23316,5413
24002,5413
24003,5413
24004,5413
24005,5413
24006,5413
24007,5413
24008,5413
24009,5413
24010,5413
24011,5413
24012,5413
24013,5413
24014,5413
24015,5413
24016,5413
24017,5413
21335,5413
21336,5413
21337,5413
21338,5413
21339,5413
21340,5413
21341,5413
21342,5413
21343,5413
21344,5413
23170,5413
23171,5413
23172,5413
23173,5413
23174,5413
23175,5413
23176,5413
23177,5413
23178,5413
23179,5413
23180,5413
23181,5413
23182,5413
23183,5413
23184,5413
23185,5413
23186,5413
23187,5413
21971,5413
21972,5413
20245,5413
20246,5413
20247,5413
20248,5413
20249,5413
20250,5413
20251,5413
20252,5413
20253,5413
20254,5413
20255,5413
20256,5413
20257,5413
20258,5413
20259,5413
22087,5413
22088,5413
22089,5413
23990,5413
23991,5413
23992,5413
23993,5413
23994,5413
23995,5413
23996,5413
23997,5413
23998,5413
23999,5413
24000,5413
24001,5413
19449,5413
19353,5413
19431,5413
19432,5413
19433,5413
19434,5413
19435,5413
19436,5413
19437,5413
19438,5413
19439,5413
19440,5413
19441,5413
19442,5413
19443,5413
19444,5413
19445,5413
19446,5413
19447,5413
19448,5413
19326,5413
19327,5413
19028,5413
19029,5413
19030,5413
19031,5413
19032,5413
19033,5413
19034,5413
19035,5413
25087,5413
25088,5413
25089,5413
25090,5413
25091,5413
25092,5413
25093,5413
25094,5413
25095,5413
25096,5413
25098,5413
25099,5413
25100,5413
25102,5413
25103,5413
25104,5413
25105,5413
25106,5413
25107,5413
25108,5413
25109,5413
25110,5413
25111,5413
25112,5413
25113,5413
25114,5413
19115,5413
19116,5413
19117,5413
19118,5413
19119,5413
24672,5413
24673,5413
24782,5413
24783,5413
24784,5413
24785,5413
24786,5413
24787,5413
24788,5413
24789,5413
24790,5413
24791,5413
24792,5413
24793,5413
24794,5413
24795,5413
24796,5413
24797,5413
24798,5413
24799,5413
19450,5413
19451,5413
19452,5413
25085,5413
25086,5413
19399,5413
24644,5413
24645,5413
24646,5413
24647,5413
24648,5413
24649,5413
24650,5413
24651,5413
24652,5413
24653,5413
24654,5413
24655,5413
24656,5413
24657,5413
24658,5413
24659,5413
24660,5413
24661,5413
24662,5413
24663,5413
24664,5413
24665,5413
24666,5413
24667,5413
24668,5413
24669,5413
24670,5413
24671,5413
19534,5413
24639,5413
24640,5413
24641,5413
24642,5413
24643,5413
24809,5413
24810,5413
24811,5413
24812,5413
24813,5413
24814,5413
24815,5413
24816,5413
24817,5413
25115,5413
25116,5413
25118,5413
25120,5413
24800,5413
24801,5413
24802,5413
24803,5413
24804,5413
24805,5413
24806,5413
24807,5413
24808,5413
19114,5413
21840,5413
21841,5413
21842,5413
21843,5413
21844,5413
21845,5413
21846,5413
21847,5413
21848,5413
21849,5413
21850,5413
21851,5413
21852,5413
21853,5413
32334,5413
32338,5413
32339,5413
32340,5413
32341,5413
32342,5413
32343,5413
32345,5413
32346,5413
32347,5413
32348,5413
32349,5413
32350,5413
32352,5413
32357,5413
32358,5413
31280,5413
31354,5413
31355,5413
31356,5413
31357,5413
31358,5413
31359,5413
31360,5413
31361,5413
31362,5413
31363,5413
31364,5413
31365,5413
31366,5413
31367,5413
31368,5413
31369,5413
31370,5413
29216,5413
29217,5413
29218,5413
29219,5413
29220,5413
29221,5413
29222,5413
29223,5413
29224,5413
29225,5413
31353,5413
29210,5413
29211,5413
29212,5413
29213,5413
29214,5413
29215,5413
32335,5413
32336,5413
32337,5413
32344,5413
32351,5413
32353,5413
32354,5413
32355,5413
32356,5413
31050,5413
19075,5413
32328,5413
32329,5413
32330,5413
32331,5413
32332,5413
32333,5413
31052,5413
32327,5413
32370,5413
32376,5413
32380,5413
32381,5413
32382,5413
32383,5413
32384,5413
32385,5413
32386,5413
32393,5413
32394,5413
29249,5413
29250,5413
29251,5413
29252,5413
29253,5413
29254,5413
29255,5413
29256,5413
29257,5413
32369,5413
32387,5413
32388,5413
32389,5413
32390,5413
32391,5413
32392,5413
32395,5413
32396,5413
32397,5413
31342,5413
31343,5413
31344,5413
31345,5413
31346,5413
31347,5413
31348,5413
31349,5413
31350,5413
31351,5413
31352,5413
32364,5413
32365,5413
32366,5413
32367,5413
32368,5413
32371,5413
32372,5413
32373,5413
32374,5413
32375,5413
32377,5413
32378,5413
32379,5413
31317,5413
31318,5413
31319,5413
31320,5413
31321,5413
31322,5413
31323,5413
31324,5413
31325,5413
31326,5413
31327,5413
31328,5413
31329,5413
31330,5413
31331,5413
31332,5413
31333,5413
31334,5413
31335,5413
31336,5413
31337,5413
31338,5413
31339,5413
31340,5413
31341,5413
29226,5413
29227,5413
29228,5413
29229,5413
29230,5413
29231,5413
29232,5413
29233,5413
29234,5413
29235,5413
29236,5413
29237,5413
29238,5413
29239,5413
29240,5413
29241,5413
29242,5413
29243,5413
29244,5413
29245,5413
29246,5413
29247,5413
29248,5413
32361,5413
32363,5413
31051,5413
31371,5413
31372,5413
31373,5413
31374,5413
31375,5413
31376,5413
31377,5413
31378,5413
31379,5413
31380,5413
31381,5413
31382,5413
31383,5413
31384,5413
31385,5413
31386,5413
31387,5413
31388,5413
31389,5413
31390,5413
31391,5413
31392,5413
31393,5413
31394,5413
31395,5413
31396,5413
31397,5413
31398,5413
31399,5413
31400,5413
31401,5413
31402,5413
31403,5413
31404,5413
31405,5413
31406,5413
31407,5413
31292,5413
31293,5413
31294,5413
31295,5413
31296,5413
31297,5413
31298,5413
31299,5413
31300,5413
31301,5413
31302,5413
31303,5413
31304,5413
31305,5413
31306,5413
31307,5413
31308,5413
31309,5413
31310,5413
31311,5413
31312,5413
31313,5413
31314,5413
31315,5413
31316,5413
23830,5413
23831,5413
23832,5413
23833,5413
23834,5413
23835,5413
23836,5413
23837,5413
29195,5413
29201,5413
29202,5413
29203,5413
29204,5413
29205,5413
29206,5413
29208,5413
29209,5413
31281,5413
31282,5413
31283,5413
31284,5413
31285,5413
31286,5413
31287,5413
31288,5413
31289,5413
31290,5413
31291,5413
23683,5413
23684,5413
23685,5413
23686,5413
23687,5413
23688,5413
23689,5413
23690,5413
23691,5413
23692,5413
23693,5413
23694,5413
23695,5413
23696,5413
23697,5413
23698,5413
23699,5413
23700,5413
24241,5413
24242,5413
24243,5413
24244,5413
24245,5413
24246,5413
24247,5413
24248,5413
24249,5413
24250,5413
24251,5413
24252,5413
23814,5413
23815,5413
23816,5413
23817,5413
23818,5413
23819,5413
23820,5413
23821,5413
23822,5413
23823,5413
23824,5413
23825,5413
23826,5413
23827,5413
23828,5413
23829,5413
22281,5413
22282,5413
22283,5413
22284,5413
22285,5413
22286,5413
22287,5413
22288,5413
22289,5413
22290,5413
22291,5413
22292,5413
20161,5413
20162,5413
20163,5413
20164,5413
20165,5413
20166,5413
20167,5413
23678,5413
23679,5413
23680,5413
22715,5413
22716,5413
22717,5413
22718,5413
22719,5413
22720,5413
22721,5413
22722,5413
22723,5413
22724,5413
22725,5413
22726,5413
22727,5413
22728,5413
23269,5413
23270,5413
23271,5413
22293,5413
22294,5413
22295,5413
22296,5413
22837,5413
22838,5413
22839,5413
22840,5413
22841,5413
22842,5413
22843,5413
23681,5413
23682,5413
23140,5413
23141,5413
23142,5413
23143,5413
23144,5413
23145,5413
23146,5413
23147,5413
23148,5413
23149,5413
23150,5413
23151,5413
23152,5413
23153,5413
23154,5413
23155,5413
23156,5413
23157,5413
23158,5413
23159,5413
23160,5413
22272,5413
22273,5413
22274,5413
22275,5413
22276,5413
22277,5413
22278,5413
22279,5413
22280,5413
22265,5413
22266,5413
22267,5413
22268,5413
22269,5413
22270,5413
22271,5413
23128,5413
23129,5413
23130,5413
23131,5413
23132,5413
23133,5413
23134,5413
23135,5413
23136,5413
22696,5413
22697,5413
22698,5413
22699,5413
22700,5413
22701,5413
22702,5413
22703,5413
22704,5413
22705,5413
22706,5413
22707,5413
22708,5413
22709,5413
22710,5413
22711,5413
22712,5413
22713,5413
22714,5413
21308,5413
21309,5413
21310,5413
21311,5413
23137,5413
23138,5413
23139,5413
21299,5413
21300,5413
21301,5413
21302,5413
21303,5413
21304,5413
21305,5413
21306,5413
21307,5413
22143,5413
22144,5413
22145,5413
22146,5413
22147,5413
22148,5413
22149,5413
22150,5413
22151,5413
22152,5413
22693,5413
22694,5413
22695,5413
23985,5413
23986,5413
23987,5413
23988,5413
22261,5413
22262,5413
22263,5413
22264,5413
22133,5413
22134,5413
22135,5413
22136,5413
22137,5413
22138,5413
22139,5413
22140,5413
22141,5413
22142,5413
20736,5413
22561,5413
22562,5413
22563,5413
22564,5413
22565,5413
22566,5413
22567,5413
22568,5413
22569,5413
22570,5413
22571,5413
22572,5413
22573,5413
22574,5413
22575,5413
22576,5413
22577,5413
22578,5413
22579,5413
22580,5413
22581,5413
22582,5413
22583,5413
22584,5413
23125,5413
23126,5413
23127,5413
20740,5413
20741,5413
20742,5413
20743,5413
20744,5413
20745,5413
20746,5413
20747,5413
20748,5413
21289,5413
21290,5413
21291,5413
21292,5413
21293,5413
21294,5413
21295,5413
21296,5413
21297,5413
21298,5413
20724,5413
20725,5413
20726,5413
20727,5413
20728,5413
20729,5413
20730,5413
20731,5413
20732,5413
20733,5413
20734,5413
20735,5413
22844,5413
22845,5413
22846,5413
22847,5413
22848,5413
22849,5413
22850,5413
22851,5413
22852,5413
22853,5413
22854,5413
22855,5413
22856,5413
22857,5413
22858,5413
22859,5413
22860,5413
22861,5413
22862,5413
22863,5413
22864,5413
22865,5413
22866,5413
22867,5413
22868,5413
20737,5413
20738,5413
20739,5413
22555,5413
22556,5413
22557,5413
22558,5413
22559,5413
22560,5413
22121,5413
22122,5413
22123,5413
22124,5413
22125,5413
22126,5413
22127,5413
22128,5413
22129,5413
22130,5413
22131,5413
22132,5413
20152,5413
20153,5413
20154,5413
20155,5413
20156,5413
20157,5413
20158,5413
20159,5413
20160,5413
24253,5413
24254,5413
24255,5413
24256,5413
24257,5413
24258,5413
24259,5413
24260,5413
24261,5413
24262,5413
24263,5413
24264,5413
24265,5413
24266,5413
24267,5413
24268,5413
24269,5413
24270,5413
24271,5413
24272,5413
24273,5413
24274,5413
24275,5413
24276,5413
22549,5413
22550,5413
22551,5413
22552,5413
22553,5413
22554,5413
20168,5413
20169,5413
20170,5413
20171,5413
20172,5413
20713,5413
20714,5413
20715,5413
20716,5413
20717,5413
20718,5413
20719,5413
20720,5413
20721,5413
20722,5413
20723,5413
23964,5413
23965,5413
23966,5413
23967,5413
23968,5413
23969,5413
23970,5413
23971,5413
23972,5413
23973,5413
23974,5413
23975,5413
23976,5413
23977,5413
23978,5413
23979,5413
23980,5413
23981,5413
23982,5413
23983,5413
23984,5413
21854,5413
21855,5413
21856,5413
21857,5413
21858,5413
21859,5413
21860,5413
21861,5413
21862,5413
21863,5413
21864,5413
20137,5413
20138,5413
20139,5413
20140,5413
20141,5413
20142,5413
20143,5413
20144,5413
20145,5413
20146,5413
20147,5413
20148,5413
20149,5413
20150,5413
20151,5413
19121,5413
19122,5413
19123,5413
19124,5413
19125,5413
19126,5413
19127,5413
19128,5413
19129,5413
19130,5413
19131,5413
19132,5413
19133,5413
19134,5413
19135,5413
19136,5413
23838,5413
23839,5413
23840,5413
23841,5413
23842,5413
23843,5413
23844,5413
22117,5413
22118,5413
22119,5413
22120,5413
23409,5413
23410,5413
23411,5413
23412,5413
23953,5413
23954,5413
23955,5413
23956,5413
23957,5413
23958,5413
23959,5413
23960,5413
23961,5413
23962,5413
23963,5413
20939,5413
20940,5413
20941,5413
20942,5413
20943,5413
20944,5413
20945,5413
20946,5413
20947,5413
20948,5413
20506,5413
20507,5413
20508,5413
20509,5413
20510,5413
20511,5413
20512,5413
20513,5413
20514,5413
20515,5413
20516,5413
20517,5413
20518,5413
20519,5413
20520,5413
20521,5413
20522,5413
20523,5413
21575,5413
21576,5413
19849,5413
19850,5413
19851,5413
19852,5413
19853,5413
19854,5413
19855,5413
19856,5413
19857,5413
19858,5413
19859,5413
19860,5413
19861,5413
19862,5413
21688,5413
21689,5413
21690,5413
21691,5413
21692,5413
21693,5413
21694,5413
21695,5413
21696,5413
21697,5413
21698,5413
21699,5413
21561,5413
21562,5413
21563,5413
21564,5413
21565,5413
21566,5413
21567,5413
21568,5413
21569,5413
21570,5413
21571,5413
21572,5413
21573,5413
21574,5413
21772,5413
21773,5413
21774,5413
21775,5413
21776,5413
21777,5413
21778,5413
21779,5413
21780,5413
21781,5413
21782,5413
21783,5413
21784,5413
21785,5413
21786,5413
21787,5413
21788,5413
20074,5413
20075,5413
20076,5413
20077,5413
20078,5413
20079,5413
20080,5413
20081,5413
20082,5413
20083,5413
20084,5413
20085,5413
20086,5413
20087,5413
20088,5413
20089,5413
20090,5413
20091,5413
20092,5413
20093,5413
20094,5413
20095,5413
20393,5413
20394,5413
20395,5413
20396,5413
20397,5413
20398,5413
20399,5413
20400,5413
20401,5413
20402,5413
20403,5413
20404,5413
20405,5413
19963,5413
19964,5413
19965,5413
19966,5413
19967,5413
19968,5413
19969,5413
19970,5413
19971,5413
19972,5413
19973,5413
19974,5413
19975,5413
19976,5413
19977,5413
21993,5413
21994,5413
21995,5413
21996,5413
21997,5413
21998,5413
21999,5413
22000,5413
22001,5413
21556,5413
21557,5413
21558,5413
21559,5413
21560,5413
19251,5413
19252,5413
19253,5413
19254,5413
19255,5413
19256,5413
19257,5413
19258,5413
19259,5413
19260,5413
19264,5413
19268,5413
19269,5413
19831,5413
19832,5413
19833,5413
19834,5413
19835,5413
19836,5413
19837,5413
19838,5413
19839,5413
19840,5413
19841,5413
19842,5413
19843,5413
19844,5413
19845,5413
19846,5413
19847,5413
19848,5413
20389,5413
20390,5413
20391,5413
20392,5413
21427,5413
21428,5413
21429,5413
21430,5413
21431,5413
21432,5413
21973,5413
21974,5413
21975,5413
21976,5413
21977,5413
21978,5413
21979,5413
21980,5413
21981,5413
21982,5413
21983,5413
21984,5413
21985,5413
21986,5413
21987,5413
21988,5413
21989,5413
21990,5413
21991,5413
21992,5413
20073,5413
19246,5413
19247,5413
19592,5413
19629,5413
19950,5413
19951,5413
19952,5413
19953,5413
19954,5413
19955,5413
19956,5413
20497,5413
20498,5413
20499,5413
20500,5413
20501,5413
20502,5413
20503,5413
20504,5413
20505,5413
21789,5413
21790,5413
21791,5413
21792,5413
20065,5413
20066,5413
20067,5413
20068,5413
20069,5413
20070,5413
20071,5413
20072,5413
19248,5413
19249,5413
20372,5413
20373,5413
19931,5413
19932,5413
19933,5413
19934,5413
19935,5413
19936,5413
19937,5413
19938,5413
19939,5413
19940,5413
19941,5413
19942,5413
19943,5413
19944,5413
19945,5413
19946,5413
19947,5413
19948,5413
19949,5413
19216,5413
19217,5413
19219,5413
19220,5413
19221,5413
19222,5413
19223,5413
19224,5413
19225,5413
19226,5413
19227,5413
19228,5413
19229,5413
19230,5413
19231,5413
19232,5413
19234,5413
19235,5413
19236,5413
19238,5413
19240,5413
19241,5413
19243,5413
19244,5413
19245,5413
21127,5413
21128,5413
21129,5413
21130,5413
21131,5413
21132,5413
21133,5413
21134,5413
21135,5413
21136,5413
21137,5413
21138,5413
21139,5413
21140,5413
21141,5413
21142,5413
21143,5413
21144,5413
21685,5413
21686,5413
21687,5413
19184,5413
19185,5413
19186,5413
19187,5413
19188,5413
19189,5413
19190,5413
19191,5413
19192,5413
19193,5413
20365,5413
20366,5413
20367,5413
20368,5413
20369,5413
20370,5413
20371,5413
21542,5413
21543,5413
21544,5413
21545,5413
21546,5413
21547,5413
21548,5413
21549,5413
21550,5413
21551,5413
21552,5413
21553,5413
21554,5413
21555,5413
21113,5413
21114,5413
21115,5413
21116,5413
21117,5413
21118,5413
21119,5413
21120,5413
21121,5413
21122,5413
21123,5413
21124,5413
21125,5413
21126,5413
19430,5413
19297,5413
22067,5413
22068,5413
22069,5413
22070,5413
22071,5413
22072,5413
22073,5413
22074,5413
22075,5413
22076,5413
22077,5413
22078,5413
22079,5413
22080,5413
20353,5413
20354,5413
20355,5413
20356,5413
20357,5413
20358,5413
20359,5413
20360,5413
20361,5413
20362,5413
20363,5413
20364,5413
21425,5413
21426,5413
20981,5413
20982,5413
20983,5413
20984,5413
20985,5413
20986,5413
20987,5413
20988,5413
20989,5413
20990,5413
20991,5413
20992,5413
20993,5413
20994,5413
20995,5413
20996,5413
20997,5413
20998,5413
20999,5413
21000,5413
21541,5413
19373,5413
19409,5413
19410,5413
19411,5413
19412,5413
19413,5413
19414,5413
19415,5413
19416,5413
19417,5413
19418,5413
19419,5413
19420,5413
19421,5413
19422,5413
19423,5413
19424,5413
19425,5413
19426,5413
19427,5413
19428,5413
19429,5413
21672,5413
21673,5413
21674,5413
21675,5413
21676,5413
21677,5413
21678,5413
21679,5413
21680,5413
21681,5413
21682,5413
21683,5413
21684,5413
19957,5413
19958,5413
19959,5413
19960,5413
19961,5413
19962,5413
21411,5413
21412,5413
21413,5413
21414,5413
21415,5413
21416,5413
21417,5413
21418,5413
21419,5413
21192,5413
21193,5413
21194,5413
21195,5413
21196,5413
21197,5413
21198,5413
21199,5413
21200,5413
21201,5413
21202,5413
21203,5413
21204,5413
21205,5413
21206,5413
21207,5413
21208,5413
21209,5413
21210,5413
21211,5413
21212,5413
21213,5413
19819,5413
19820,5413
19821,5413
19822,5413
19823,5413
19824,5413
19825,5413
19826,5413
19827,5413
19828,5413
19829,5413
19830,5413
21656,5413
21657,5413
21658,5413
21659,5413
21660,5413
21661,5413
21662,5413
21663,5413
21664,5413
21665,5413
21666,5413
21667,5413
21668,5413
21669,5413
21670,5413
21671,5413
21420,5413
21421,5413
21422,5413
21423,5413
21424,5413
19923,5413
19924,5413
19925,5413
19926,5413
19927,5413
19928,5413
19929,5413
19930,5413
20638,5413
20639,5413
20640,5413
21181,5413
21182,5413
21183,5413
21184,5413
21185,5413
21186,5413
21187,5413
21188,5413
21189,5413
21190,5413
21191,5413
21524,5413
21525,5413
21526,5413
21527,5413
21528,5413
21529,5413
21530,5413
21531,5413
21532,5413
21533,5413
21534,5413
21535,5413
21536,5413
21537,5413
21538,5413
21539,5413
21540,5413
19813,5413
19814,5413
19815,5413
19816,5413
19817,5413
19818,5413
20852,5413
20853,5413
20854,5413
20855,5413
20856,5413
21397,5413
21398,5413
21399,5413
21400,5413
21401,5413
21402,5413
21403,5413
21404,5413
21405,5413
21406,5413
21407,5413
21408,5413
21409,5413
21410,5413
19350,5413
19351,5413
19352,5413
19354,5413
19355,5413
19356,5413
19357,5413
19358,5413
19359,5413
19360,5413
19361,5413
19362,5413
19308,5413
19143,5413
19144,5413
19145,5413
19146,5413
19148,5413
19149,5413
19150,5413
19151,5413
19152,5413
19153,5413
19154,5413
19155,5413
19156,5413
19157,5413
19158,5413
19159,5413
19160,5413
19161,5413
19162,5413
19163,5413
19164,5413
19165,5413
19166,5413
19167,5413
19168,5413
19169,5413
19170,5413
19171,5413
19172,5413
19173,5413
19174,5413
19175,5413
19176,5413
19177,5413
19178,5413
19179,5413
19180,5413
19181,5413
19182,5413
19183,5413
21645,5413
21646,5413
21647,5413
21648,5413
19921,5413
19922,5413
20563,5413
20564,5413
20565,5413
20566,5413
20567,5413
20568,5413
21109,5413
21110,5413
21111,5413
21112,5413
22061,5413
22062,5413
22063,5413
22064,5413
22065,5413
22066,5413
21623,5413
21624,5413
21625,5413
21626,5413
21627,5413
21628,5413
21629,5413
21630,5413
21631,5413
21632,5413
21633,5413
21634,5413
21635,5413
21636,5413
21637,5413
21638,5413
21639,5413
21640,5413
21641,5413
21642,5413
21643,5413
21644,5413
19339,5413
19340,5413
19341,5413
19342,5413
19343,5413
19344,5413
19345,5413
19346,5413
19347,5413
19348,5413
19349,5413
20979,5413
20980,5413
20538,5413
20539,5413
20540,5413
20541,5413
20542,5413
20543,5413
20544,5413
20545,5413
20546,5413
20547,5413
20548,5413
20549,5413
20550,5413
20551,5413
20552,5413
20553,5413
21493,5413
21494,5413
21495,5413
21496,5413
21497,5413
21498,5413
21499,5413
21500,5413
21501,5413
21502,5413
21503,5413
21504,5413
22045,5413
22046,5413
22047,5413
22048,5413
22049,5413
22050,5413
22051,5413
22052,5413
22053,5413
22054,5413
22055,5413
22056,5413
22057,5413
22058,5413
22059,5413
22060,5413
19113,5413
19576,5413
19577,5413
19578,5413
19579,5413
19580,5413
19581,5413
19582,5413
20554,5413
20555,5413
20556,5413
20557,5413
20558,5413
20559,5413
20560,5413
20561,5413
20562,5413
19312,5413
19313,5413
19315,5413
19316,5413
19317,5413
19318,5413
19319,5413
19320,5413
19321,5413
19322,5413
19323,5413
19324,5413
19328,5413
19329,5413
19330,5413
19331,5413
19332,5413
19334,5413
19335,5413
19336,5413
19337,5413
19338,5413
19298,5413
21492,5413
21097,5413
21098,5413
21099,5413
21100,5413
21101,5413
21102,5413
21103,5413
21104,5413
21105,5413
21106,5413
21107,5413
21108,5413
21649,5413
21650,5413
21651,5413
21652,5413
21653,5413
21654,5413
21655,5413
19109,5413
19110,5413
19111,5413
19120,5413
19137,5413
19139,5413
19140,5413
19141,5413
19142,5413
19112,5413
20969,5413
20970,5413
20971,5413
20972,5413
20973,5413
20974,5413
20975,5413
20976,5413
20977,5413
20978,5413
19303,5413
19304,5413
21512,5413
21513,5413
21514,5413
21515,5413
21516,5413
21517,5413
21518,5413
21519,5413
21520,5413
21521,5413
21522,5413
21523,5413
21081,5413
21082,5413
21083,5413
21084,5413
21085,5413
21086,5413
21087,5413
21088,5413
21089,5413
21090,5413
21091,5413
21092,5413
21093,5413
21094,5413
21095,5413
21096,5413
20847,5413
20848,5413
20849,5413
20850,5413
20851,5413
20406,5413
20407,5413
20408,5413
20409,5413
20410,5413
20411,5413
20412,5413
20413,5413
20414,5413
20415,5413
20416,5413
20417,5413
20418,5413
20419,5413
20420,5413
20421,5413
20422,5413
20423,5413
20424,5413
20965,5413
20966,5413
20967,5413
20968,5413
19305,5413
19306,5413
19307,5413
19309,5413
19310,5413
19311,5413
20964,5413
21505,5413
21506,5413
21507,5413
21508,5413
21509,5413
21510,5413
21511,5413
19278,5413
19325,5413
20821,5413
20822,5413
20823,5413
20824,5413
20825,5413
20826,5413
20827,5413
20828,5413
20829,5413
20830,5413
20831,5413
20832,5413
20833,5413
20834,5413
20835,5413
20836,5413
20837,5413
20838,5413
20839,5413
20840,5413
20841,5413
20842,5413
20843,5413
20844,5413
20845,5413
20846,5413
20042,5413
20043,5413
20044,5413
20045,5413
20046,5413
20047,5413
20048,5413
20049,5413
20050,5413
20051,5413
20052,5413
20053,5413
20054,5413
20055,5413
20056,5413
20057,5413
20058,5413
20059,5413
20060,5413
20061,5413
20062,5413
19293,5413
19294,5413
19295,5413
19299,5413
19300,5413
19301,5413
19302,5413
19271,5413
19273,5413
19274,5413
19275,5413
19276,5413
19277,5413
21069,5413
21070,5413
21071,5413
21072,5413
21613,5413
21614,5413
21615,5413
21616,5413
21617,5413
21618,5413
21619,5413
21620,5413
21621,5413
21622,5413
21756,5413
20029,5413
20030,5413
20031,5413
20032,5413
20033,5413
20034,5413
20035,5413
20036,5413
20037,5413
20038,5413
20039,5413
20040,5413
20041,5413
20949,5413
20950,5413
20951,5413
20952,5413
20953,5413
20954,5413
20955,5413
20956,5413
20957,5413
20958,5413
20959,5413
20960,5413
20961,5413
20962,5413
20963,5413
21489,5413
21490,5413
21491,5413
21048,5413
21049,5413
21050,5413
21051,5413
21052,5413
21053,5413
21054,5413
21055,5413
21056,5413
21057,5413
21058,5413
21059,5413
21060,5413
21061,5413
21062,5413
21063,5413
21064,5413
21065,5413
21066,5413
21067,5413
21068,5413
19981,5413
19982,5413
19983,5413
19984,5413
19985,5413
19986,5413
19987,5413
19988,5413
19989,5413
19990,5413
19991,5413
19992,5413
20533,5413
20534,5413
20535,5413
20536,5413
20537,5413
21485,5413
21486,5413
21487,5413
21488,5413
21477,5413
21478,5413
21479,5413
21480,5413
21481,5413
21482,5413
21483,5413
21484,5413
19046,5413
19047,5413
19048,5413
19049,5413
19050,5413
19051,5413
19052,5413
19053,5413
19054,5413
19055,5413
19056,5413
19057,5413
19058,5413
19059,5413
19060,5413
19061,5413
19071,5413
19072,5413
19073,5413
19074,5413
19076,5413
19077,5413
19078,5413
19079,5413
19080,5413
19081,5413
19082,5413
19083,5413
19084,5413
19085,5413
19086,5413
19087,5413
19088,5413
19089,5413
19091,5413
19092,5413
19094,5413
19095,5413
19096,5413
19097,5413
19098,5413
19099,5413
19100,5413
19101,5413
19104,5413
19105,5413
19106,5413
19107,5413
19108,5413
19978,5413
19979,5413
19980,5413
21079,5413
21080,5413
19036,5413
19037,5413
19038,5413
19039,5413
19040,5413
19041,5413
19042,5413
19043,5413
19044,5413
19045,5413
21700,5413
21701,5413
21702,5413
21703,5413
21704,5413
21705,5413
21706,5413
21707,5413
21708,5413
21709,5413
21710,5413
21711,5413
21712,5413
21713,5413
21714,5413
21715,5413
21716,5413
21717,5413
21718,5413
21719,5413
21720,5413
19993,5413
19994,5413
20917,5413
20918,5413
20919,5413
20920,5413
20921,5413
20922,5413
20923,5413
20924,5413
20925,5413
20926,5413
20927,5413
20928,5413
21469,5413
21470,5413
21471,5413
21472,5413
21473,5413
21474,5413
21475,5413
21476,5413
31267,5413
31268,5413
31269,5413
31270,5413
31271,5413
31272,5413
31273,5413
31274,5413
31275,5413
20374,5413
20375,5413
20376,5413
20377,5413
20378,5413
20379,5413
20380,5413
20381,5413
20382,5413
20383,5413
20384,5413
20385,5413
20386,5413
20387,5413
20388,5413
20929,5413
20930,5413
20931,5413
20932,5413
20933,5413
20934,5413
20935,5413
20936,5413
20937,5413
20938,5413
20524,5413
20525,5413
20526,5413
20527,5413
20528,5413
20529,5413
20530,5413
20531,5413
20532,5413
21073,5413
21074,5413
21075,5413
21076,5413
21077,5413
21078,5413
31140,5413
31263,5413
31264,5413
31265,5413
31266,5413
29324,5413
29325,5413
29326,5413
29327,5413
29328,5413
29329,5413
29330,5413
29331,5413
29332,5413
29333,5413
29334,5413
29335,5413
29336,5413
29510,5413
29290,5413
29291,5413
29292,5413
29293,5413
29294,5413
29295,5413
29296,5413
29297,5413
29298,5413
29299,5413
29300,5413
29301,5413
29302,5413
29498,5413
29499,5413
29500,5413
29501,5413
29502,5413
29503,5413
29504,5413
29505,5413
29506,5413
29507,5413
29508,5413
29509,5413
29475,5413
29476,5413
29477,5413
29478,5413
29479,5413
29480,5413
29481,5413
29259,5413
29260,5413
29261,5413
29262,5413
29263,5413
29264,5413
29265,5413
29266,5413
29267,5413
29268,5413
29269,5413
29270,5413
29271,5413
29272,5413
29273,5413
29274,5413
29482,5413
29483,5413
29484,5413
29485,5413
29486,5413
29487,5413
29488,5413
29489,5413
29490,5413
29491,5413
29492,5413
29493,5413
29494,5413
29495,5413
29496,5413
29497,5413
29275,5413
29276,5413
29277,5413
29278,5413
29279,5413
29280,5413
29281,5413
29282,5413
29283,5413
29284,5413
29285,5413
29286,5413
29287,5413
29288,5413
29289,5413
29337,5413
29338,5413
29339,5413
29340,5413
29341,5413
29342,5413
29343,5413
29344,5413
29345,5413
29346,5413
29347,5413
29348,5413
29349,5413
29350,5413
29351,5413
29352,5413
29353,5413
29354,5413
29355,5413
29356,5413
29357,5413
29358,5413
29359,5413
29360,5413
29361,5413
29362,5413
29363,5413
29385,5413
29386,5413
29387,5413
29468,5413
29469,5413
29470,5413
29471,5413
29472,5413
29473,5413
29474,5413
31278,5413
31279,5413
29446,5413
29447,5413
29448,5413
29449,5413
29450,5413
29451,5413
29452,5413
29453,5413
29454,5413
29455,5413
29456,5413
29457,5413
29458,5413
29459,5413
29460,5413
29461,5413
29462,5413
29463,5413
29464,5413
29465,5413
29466,5413
29467,5413
29258,5413
32359,5413
32360,5413
32362,5413
31276,5413
31277,5413
29429,5413
29430,5413
29431,5413
29432,5413
29433,5413
29434,5413
29435,5413
29436,5413
29437,5413
29438,5413
29439,5413
29440,5413
29441,5413
29442,5413
29443,5413
29444,5413
29445,5413
29388,5413
29389,5413
29390,5413
29391,5413
29392,5413
29393,5413
29394,5413
29395,5413
29396,5413
29397,5413
29398,5413
29399,5413
29400,5413
29401,5413
29402,5413
29403,5413
29404,5413
29405,5413
29406,5413
29407,5413
29408,5413
29409,5413
29410,5413
29411,5413
29412,5413
29413,5413
29414,5413
29415,5413
29416,5413
29417,5413
29418,5413
29419,5413
29420,5413
29421,5413
29422,5413
29423,5413
29424,5413
29425,5413
29426,5413
29427,5413
29428,5413
19593,5429
19662,5432
19661,5432
19660,5432
19665,5432
19666,5432
19664,5432
19663,5432
19806,5433
19803,5433
19804,5433
19805,5433
19636,5430
19637,5430
19638,5430
19639,5430
19640,5430
19641,5430
19642,5430
19643,5430
19644,5430
19645,5430
19634,5430
19633,5430
19655,5430
19654,5430
19653,5430
19652,5430
19651,5430
19650,5430
19649,5430
19648,5430
19647,5430
19646,5430
19635,5430
19657,5431
19807,5435
25059,5437
25055,5436
25056,5437
25058,5437
25057,5437
25070,5438
25213,5439
25212,5439
25218,5442
25243,5446
25240,5446
25242,5447
25241,5447
25272,5449
25271,5449
25301,5449
25302,5449
25303,5449
25304,5449
25305,5449
25306,5449
25308,5450
25309,5450
25310,5450
25300,5449
25307,5450
25260,5449
25261,5449
25262,5449
25263,5449
25264,5449
25265,5449
25266,5449
25267,5449
25268,5449
25269,5449
25270,5449
25327,5451
31076,5462
25464,5462
31074,5462
25463,5462
25462,5462
31073,5462
31072,5462
31071,5462
25818,5462
25817,5462
25816,5462
25815,5462
25814,5462
25467,5462
25466,5462
25465,5462
31077,5462
31078,5462
31079,5462
31080,5462
31081,5462
31082,5462
31058,5462
31059,5462
31060,5462
31061,5462
31062,5462
31083,5462
31084,5462
31063,5462
31064,5462
31065,5462
31066,5462
31067,5462
31068,5462
31069,5462
31070,5462
31075,5462
25489,5463
25488,5463
25487,5463
25501,5463
25500,5463
25499,5463
25503,5463
25502,5463
25498,5463
25497,5463
25496,5463
25495,5463
25494,5463
25493,5463
25491,5463
25492,5463
25490,5463
25505,5464
25504,5464
29094,5467
29058,5467
29059,5467
29060,5467
29061,5467
29062,5467
29098,5467
29050,5467
29051,5467
29052,5467
29053,5467
29097,5467
29095,5467
29096,5467
29110,5467
29054,5467
29055,5467
29099,5467
29100,5467
29082,5467
29083,5467
29084,5467
29085,5467
29086,5467
29075,5467
29076,5467
29077,5467
29078,5467
29079,5467
29080,5467
29081,5467
29070,5467
29071,5467
29074,5467
29064,5467
29065,5467
29066,5467
29067,5467
29068,5467
29069,5467
29072,5467
29073,5467
29063,5467
29045,5467
29046,5467
29047,5467
29048,5467
29049,5467
29090,5467
29091,5467
29092,5467
29093,5467
29039,5467
29101,5467
29102,5467
29103,5467
29104,5467
29105,5467
29106,5467
29107,5467
29108,5467
29109,5467
29042,5467
29043,5467
29044,5467
29040,5467
29041,5467
25581,5467
29056,5467
29057,5467
29087,5467
29088,5467
29089,5467
25587,5467
25588,5467
25589,5467
25590,5467
25591,5467
25592,5467
25593,5467
25594,5467
25595,5467
25596,5467
25597,5467
25598,5467
25599,5467
25600,5467
25601,5467
25602,5467
25603,5467
25604,5467
25605,5467
25606,5467
25607,5467
25608,5467
25609,5467
25610,5467
25611,5467
25612,5467
25613,5467
25614,5467
25615,5467
25616,5467
25617,5467
25618,5467
25558,5467
25660,5467
25560,5467
25561,5467
25563,5467
25564,5467
25565,5467
25566,5467
25567,5467
25568,5467
25569,5467
25579,5467
25540,5467
25542,5467
25543,5467
25544,5467
25550,5467
25551,5467
25552,5467
25553,5467
25554,5467
25555,5467
25556,5467
25557,5467
25576,5467
25577,5467
25570,5467
25571,5467
25572,5467
25573,5467
25574,5467
25575,5467
25627,5467
25628,5467
25629,5467
25630,5467
25631,5467
25632,5467
25633,5467
25634,5467
25635,5467
25636,5467
25637,5467
25638,5467
25639,5467
25640,5467
25641,5467
25642,5467
25643,5467
25644,5467
25645,5467
25646,5467
25647,5467
25648,5467
25649,5467
25650,5467
25651,5467
25652,5467
25653,5467
25654,5467
25619,5467
25620,5467
25621,5467
25622,5467
25623,5467
25624,5467
25625,5467
25626,5467
25584,5467
25585,5467
25586,5467
30648,5468
25655,5468
25656,5468
25657,5468
25658,5468
25659,5468
25661,5469
25662,5469
25663,5469
25676,5472
25677,5472
25675,5472
25805,5472
25668,5472
25670,5472
25671,5472
25669,5472
25783,5476
29114,5476
29115,5476
29116,5476
29117,5476
29118,5476
29119,5476
29120,5476
25804,5476
25723,5476
25724,5476
25725,5476
25726,5476
25727,5476
25728,5476
25729,5476
25734,5476
25735,5476
25737,5476
25738,5476
25739,5476
25740,5476
25741,5476
25742,5476
25748,5476
25760,5476
25761,5476
25770,5476
25771,5476
25793,5476
25794,5476
25795,5476
25790,5476
25791,5476
25696,5476
25699,5476
25700,5476
25701,5476
25702,5476
25703,5476
25712,5476
25713,5476
25714,5476
25715,5476
25716,5476
25720,5476
25721,5476
25722,5476
25784,5476
25785,5476
25786,5476
25787,5476
25788,5476
25789,5476
25695,5476
25694,5476
25753,5476
25775,5476
25776,5476
25777,5476
25778,5476
25792,5476
25779,5476
25780,5476
25781,5476
25782,5476
25697,5476
25698,5476
25707,5476
25708,5476
25709,5476
25710,5476
25711,5476
25755,5476
25756,5476
25757,5476
25758,5476
25759,5476
25763,5476
25765,5476
25766,5476
25768,5476
25769,5476
25717,5476
25718,5476
25719,5476
25801,5476
25750,5476
25751,5476
25752,5476
25754,5476
25693,5476
25705,5476
25706,5476
25743,5476
25744,5476
25745,5476
25746,5476
25747,5476
25684,5476
25685,5476
25686,5476
25687,5476
25688,5476
25730,5476
25731,5476
25732,5476
25733,5476
25762,5476
25704,5476
25772,5476
25773,5476
25774,5476
25806,5476
25807,5476
25808,5476
25809,5476
25810,5476
25811,5476
25812,5476
25813,5476
25690,5476
25691,5476
25692,5476
25749,5477
25833,5479
27742,5483
27743,5483
27744,5483
27741,5483
27739,5483
27738,5483
27737,5483
27736,5483
27735,5483
27711,5483
27712,5483
27713,5483
27714,5483
27715,5483
27734,5483
27717,5483
27718,5483
27719,5483
27720,5483
27721,5483
27722,5483
27723,5483
27724,5483
27725,5483
27726,5483
27727,5483
27728,5483
27729,5483
27730,5483
27731,5483
27732,5483
27733,5483
30649,5483
27740,5483
27716,5483
28055,5491
28054,5491
28689,5519
28688,5519
28668,5506
28666,5506
28669,5506
31049,5506
28667,5506
28732,5533
28731,5533
28730,5533
28729,5533
28728,5533
28738,5533
28740,5533
28739,5533
28741,5533
28743,5534
29111,5534
29550,5555
29551,5555
29552,5555
29556,5555
29554,5555
29555,5555
29553,5555
29845,5557
30268,5557
30269,5557
29915,5557
29916,5557
29917,5557
29918,5557
29891,5557
29855,5557
29922,5557
29923,5557
29924,5557
29925,5557
29926,5557
29808,5557
29851,5557
29869,5557
29870,5557
29804,5557
29806,5557
29807,5557
29809,5557
29810,5557
29811,5557
29812,5557
29813,5557
29814,5557
29815,5557
29816,5557
29817,5557
29818,5557
29819,5557
29820,5557
29821,5557
29857,5557
29858,5557
29853,5557
29854,5557
29884,5557
29885,5557
29886,5557
29887,5557
29888,5557
29889,5557
29890,5557
29892,5557
29893,5557
29894,5557
29895,5557
29896,5557
29897,5557
29898,5557
29899,5557
29901,5557
29902,5557
29903,5557
29904,5557
29905,5557
29906,5557
29907,5557
29908,5557
29909,5557
29910,5557
29911,5557
29912,5557
29913,5557
29914,5557
29785,5557
29786,5557
29787,5557
29788,5557
29789,5557
29790,5557
29791,5557
29792,5557
29793,5557
29794,5557
29795,5557
29796,5557
29797,5557
29798,5557
29799,5557
29800,5557
29827,5557
29828,5557
29829,5557
29830,5557
29831,5557
29832,5557
29833,5557
29834,5557
29835,5557
29836,5557
29837,5557
29838,5557
29839,5557
29840,5557
29841,5557
29842,5557
29844,5557
29847,5557
29848,5557
29871,5557
29872,5557
29873,5557
29843,5557
29856,5557
29850,5557
29900,5557
29822,5557
29823,5557
29824,5557
29825,5557
29826,5557
29846,5557
29849,5557
29852,5557
29859,5557
29860,5557
29876,5557
29877,5557
29878,5557
29879,5557
29880,5557
29881,5557
29882,5557
29883,5557
31089,5557
31090,5557
31091,5557
31092,5557
31093,5557
31094,5557
29874,5557
29875,5557
31114,5557
31115,5557
31116,5557
31117,5557
31118,5557
31119,5557
31120,5557
31121,5557
31122,5557
31123,5557
31124,5557
31125,5557
31126,5557
31127,5557
31128,5557
31129,5557
31130,5557
31131,5557
31132,5557
31133,5557
31134,5557
31135,5557
31136,5557
31137,5557
31138,5557
31139,5557
31095,5557
31096,5557
31097,5557
31098,5557
31099,5557
31100,5557
31101,5557
31102,5557
31103,5557
31104,5557
31105,5557
31106,5557
31107,5557
31108,5557
31109,5557
31110,5557
31111,5557
31112,5557
31113,5557
29931,5558
29802,5558
29930,5558
29803,5558
29801,5558
29933,5559
29934,5559
29862,5559
29867,5559
29868,5559
29861,5559
29865,5560
29866,5560
29863,5560
29864,5560
29939,5560
29938,5560
29937,5560
29941,5563
29940,5563
29944,5564
30492,5572
30466,5571
30467,5571
30493,5572
30471,5571
30464,5571
30484,5571
30491,5572
30490,5572
30494,5572
30473,5571
30470,5571
30485,5571
30489,5571
30472,5571
30487,5571
30488,5571
30638,5574
30637,5574
30636,5574
30635,5574
30634,5574
30639,5574
30640,5575
30645,5577
30644,5577
30646,5577
30647,5577
32122,5607
32123,5607
31041,5578
31044,5578
31043,5578
31085,5582
31055,5581
31054,5581
31057,5584
31056,5583
31984,5603
31985,5603
31983,5603
31412,5589
31410,5588
31411,5588
31409,5588
31608,5591
31609,5591
31604,5590
31605,5590
31606,5590
31658,5590
31592,5590
31593,5590
31594,5590
31595,5590
31741,5590
31742,5590
31743,5590
31744,5590
31745,5590
31746,5590
31747,5590
31568,5590
31479,5590
31619,5590
31620,5590
31621,5590
31622,5590
31623,5590
31644,5590
31515,5590
31734,5590
31735,5590
31736,5590
31737,5590
31738,5590
31739,5590
31740,5590
31552,5590
31611,5590
31612,5590
31613,5590
31614,5590
31615,5590
31616,5590
31500,5590
31617,5590
31618,5590
31663,5590
32118,5590
31768,5590
31769,5590
31770,5590
31771,5590
31772,5590
31624,5590
31625,5590
31626,5590
31533,5590
31534,5590
31535,5590
31536,5590
31537,5590
31538,5590
31539,5590
31471,5590
31948,5590
31906,5590
31907,5590
31908,5590
31909,5590
31910,5590
31911,5590
31912,5590
31913,5590
31914,5590
31915,5590
31916,5590
31917,5590
31918,5590
31919,5590
31947,5590
31876,5590
31877,5590
31878,5590
31879,5590
31880,5590
31881,5590
31882,5590
31883,5590
31884,5590
31885,5590
31886,5590
31887,5590
31888,5590
31889,5590
31890,5590
31891,5590
31892,5590
31893,5590
31894,5590
31895,5590
31896,5590
31897,5590
31898,5590
31899,5590
31900,5590
31901,5590
31946,5590
31585,5590
31587,5590
31685,5590
31597,5590
31598,5590
31600,5590
31601,5590
31602,5590
31603,5590
31851,5590
31852,5590
31853,5590
31854,5590
31855,5590
31856,5590
31543,5590
31920,5590
31921,5590
31922,5590
31923,5590
31924,5590
31472,5590
31473,5590
31474,5590
31475,5590
31476,5590
31477,5590
31478,5590
31480,5590
31482,5590
31483,5590
31484,5590
31485,5590
31486,5590
31487,5590
31488,5590
31489,5590
31490,5590
31491,5590
31492,5590
31496,5590
31497,5590
31498,5590
31499,5590
31501,5590
31502,5590
31504,5590
31505,5590
31506,5590
31507,5590
31508,5590
31509,5590
31510,5590
31511,5590
31512,5590
31513,5590
31514,5590
31516,5590
31517,5590
31518,5590
31519,5590
31520,5590
31521,5590
31523,5590
31524,5590
31525,5590
31526,5590
31527,5590
31528,5590
31529,5590
31530,5590
31531,5590
31532,5590
31569,5590
31570,5590
31571,5590
31572,5590
31573,5590
31574,5590
31576,5590
31577,5590
31578,5590
31579,5590
31580,5590
31540,5590
31659,5590
31660,5590
31661,5590
31774,5590
31775,5590
31776,5590
31777,5590
31778,5590
31779,5590
31780,5590
31781,5590
31782,5590
31783,5590
31784,5590
31785,5590
31786,5590
31787,5590
31821,5590
31822,5590
31823,5590
31824,5590
31825,5590
31826,5590
31827,5590
31828,5590
31829,5590
31830,5590
31831,5590
31832,5590
31833,5590
31834,5590
31835,5590
31836,5590
31837,5590
31838,5590
31839,5590
31840,5590
31841,5590
31842,5590
31843,5590
31844,5590
31845,5590
31846,5590
31847,5590
31848,5590
31849,5590
31850,5590
31758,5590
31759,5590
31760,5590
31761,5590
31762,5590
31763,5590
31764,5590
31765,5590
31766,5590
31767,5590
31656,5590
31664,5590
31729,5590
31503,5590
31581,5590
31582,5590
31583,5590
31652,5590
31902,5590
31903,5590
31904,5590
31905,5590
31653,5590
31654,5590
31655,5590
31925,5590
31926,5590
31927,5590
31928,5590
31929,5590
31930,5590
31544,5590
31788,5590
31789,5590
31790,5590
31791,5590
31792,5590
31793,5590
31794,5590
31795,5590
31796,5590
31797,5590
31798,5590
31799,5590
31800,5590
31801,5590
31802,5590
31803,5590
31804,5590
31805,5590
31806,5590
31807,5590
31808,5590
31809,5590
31857,5590
31858,5590
31859,5590
31860,5590
31861,5590
31862,5590
31863,5590
31864,5590
31632,5590
31633,5590
31634,5590
31635,5590
31636,5590
31637,5590
31638,5590
31639,5590
31640,5590
31641,5590
31642,5590
31643,5590
31810,5590
31811,5590
31812,5590
31813,5590
31814,5590
31815,5590
31816,5590
31817,5590
31818,5590
31819,5590
31820,5590
31495,5590
31545,5590
31546,5590
31548,5590
31549,5590
31550,5590
31551,5590
31553,5590
31554,5590
31555,5590
31556,5590
31557,5590
31558,5590
31559,5590
31560,5590
31561,5590
31562,5590
31563,5590
31564,5590
31565,5590
31566,5590
31567,5590
31627,5590
31628,5590
31629,5590
31630,5590
31541,5590
31588,5590
31589,5590
32126,5590
31591,5590
31748,5590
31749,5590
31750,5590
31751,5590
31752,5590
31753,5590
31754,5590
31755,5590
31756,5590
31757,5590
31722,5590
31723,5590
31724,5590
31725,5590
31726,5590
31727,5590
31728,5590
31730,5590
31731,5590
31732,5590
31733,5590
31871,5590
31872,5590
31873,5590
31874,5590
31875,5590
31686,5590
31687,5590
31688,5590
31689,5590
31690,5590
31691,5590
31692,5590
31693,5590
31694,5590
31695,5590
31696,5590
31697,5590
31698,5590
31699,5590
31700,5590
31701,5590
31702,5590
31703,5590
31704,5590
31705,5590
31706,5590
31707,5590
31708,5590
31709,5590
31710,5590
31711,5590
31712,5590
31713,5590
31714,5590
31715,5590
31716,5590
31717,5590
31718,5590
31719,5590
31720,5590
31721,5590
31470,5590
32124,5590
32125,5590
32127,5590
31662,5590
31865,5590
31866,5590
31867,5590
31868,5590
31869,5590
31870,5590
31631,5590
31979,5596
31980,5596
31773,5596
31648,5592
31647,5592
31649,5593
31651,5594
31931,5598
31932,5598
31952,5598
31933,5598
31951,5598
31950,5598
31934,5598
31935,5598
31936,5598
31937,5598
31938,5598
31953,5598
31956,5599
31957,5599
31959,5599
31973,5600
32117,5604
32120,5605
32121,5606
32276,5606
32274,5606
32275,5606
32209,5613
32216,5613
32208,5613
32210,5613
32212,5613
32211,5613
32272,5618
32271,5618
32273,5618
32219,5618
32221,5618
32220,5618
32218,5618
32223,5620
32222,5620
32224,5620
32245,5630
32251,5630
32264,5630
32246,5630
32247,5630
32250,5630
32248,5630
32252,5630
32253,5630
32254,5630
32259,5632
32263,5632
32262,5632
32261,5632
32260,5632
32278,5636
32277,5636
32398,5637
32404,5639
32418,5642
